Rank,First Name,Last Name,Database#,USATT#,Location,Home Club,Tournament Rating,Last Played Tournament,League Rating,Last Played League,Membership Expiration,Tournament,Initial Rating,Final Rating,Start Date,End Date
28,Patryk,Zyworonek,9197,96307,"Des Plaines, IL",Experior Table Tennis Club,2661,2023-12-21,2245,2020-03-06,ACTIVE,2020 Aurora Cup,2170.0,2196.0,2020-01-17,2020-01-17
28,Patryk,Zyworonek,9197,96307,"Des Plaines, IL",Experior Table Tennis Club,2661,2023-12-21,2245,2020-03-06,ACTIVE,2019 Aurora Cup,1957.0,1967.0,2019-01-18,2019-01-18
28,Patryk,Zyworonek,9197,96307,"Des Plaines, IL",Experior Table Tennis Club,2661,2023-12-21,2245,2020-03-06,ACTIVE,2018 Aurora Cup,1743.0,1738.0,2018-01-12,2018-01-14
28,Patryk,Zyworonek,9197,96307,"Des Plaines, IL",Experior Table Tennis Club,2661,2023-12-21,2245,2020-03-06,ACTIVE,2017 Aurora Cup,1119.0,1314.0,2017-01-13,2017-01-15
28,Patryk,Zyworonek,9197,96307,"Des Plaines, IL",Experior Table Tennis Club,2661,2023-12-21,2245,2020-03-06,ACTIVE,2016 Aurora Cup,310.0,348.0,2016-01-15,2016-01-16
45,Kai,Zhang,9027,86637,"Pleasantville, NY",,2630,2024-08-25,2676,2015-06-02,ACTIVE,2017 Aurora Cup,2675.0,2659.0,2017-01-13,2017-01-15
45,Kai,Zhang,9027,86637,"Pleasantville, NY",,2630,2024-08-25,2676,2015-06-02,ACTIVE,2016 Aurora Cup,2661.0,2654.0,2016-01-15,2016-01-16
46,Nandan,Naresh,5520,84904,"Lisle, IL",888 Table Tennis Center,2630,2024-08-04,2395,2024-02-04,ACTIVE,2020 Aurora Cup,2329.0,2381.0,2020-01-17,2020-01-17
46,Nandan,Naresh,5520,84904,"Lisle, IL",888 Table Tennis Center,2630,2024-08-04,2395,2024-02-04,ACTIVE,2019 Aurora Cup,2237.0,2291.0,2019-01-18,2019-01-18
46,Nandan,Naresh,5520,84904,"Lisle, IL",888 Table Tennis Center,2630,2024-08-04,2395,2024-02-04,ACTIVE,2018 Aurora Cup,2202.0,2196.0,2018-01-12,2018-01-14
46,Nandan,Naresh,5520,84904,"Lisle, IL",888 Table Tennis Center,2630,2024-08-04,2395,2024-02-04,ACTIVE,2017 Aurora Cup,2030.0,2036.0,2017-01-13,2017-01-15
46,Nandan,Naresh,5520,84904,"Lisle, IL",888 Table Tennis Center,2630,2024-08-04,2395,2024-02-04,ACTIVE,2016 Aurora Cup,1584.0,1727.0,2016-01-15,2016-01-16
46,Nandan,Naresh,5520,84904,"Lisle, IL",888 Table Tennis Center,2630,2024-08-04,2395,2024-02-04,ACTIVE,2015 Butterfly Aurora Cup,809.0,840.0,2015-01-18,
46,Nandan,Naresh,5520,84904,"Lisle, IL",888 Table Tennis Center,2630,2024-08-04,2395,2024-02-04,ACTIVE,2014 Butterfly Aurora Cup,462.0,507.0,2014-01-19,
50,Tianrui,Zhang,167100,1167100,"Fremont, CA",(TTA) Table Tennis America,2613,2024-07-28,2460,2022-08-06,ACTIVE,2020 Aurora Cup,2589.0,2597.0,2020-01-17,2020-01-17
59,Sid,Naresh,5522,84903,"Lisle, IL",888 Table Tennis Center,2598,2024-09-02,2478,2024-08-25,ACTIVE,2020 Aurora Cup,2485.0,2493.0,2020-01-17,2020-01-17
59,Sid,Naresh,5522,84903,"Lisle, IL",888 Table Tennis Center,2598,2024-09-02,2478,2024-08-25,ACTIVE,2019 Aurora Cup,2436.0,2426.0,2019-01-18,2019-01-18
59,Sid,Naresh,5522,84903,"Lisle, IL",888 Table Tennis Center,2598,2024-09-02,2478,2024-08-25,ACTIVE,2018 Aurora Cup,2340.0,2308.0,2018-01-12,2018-01-14
59,Sid,Naresh,5522,84903,"Lisle, IL",888 Table Tennis Center,2598,2024-09-02,2478,2024-08-25,ACTIVE,2017 Aurora Cup,2237.0,2258.0,2017-01-13,2017-01-15
59,Sid,Naresh,5522,84903,"Lisle, IL",888 Table Tennis Center,2598,2024-09-02,2478,2024-08-25,ACTIVE,2016 Aurora Cup,2043.0,2060.0,2016-01-15,2016-01-16
59,Sid,Naresh,5522,84903,"Lisle, IL",888 Table Tennis Center,2598,2024-09-02,2478,2024-08-25,ACTIVE,2015 Butterfly Aurora Cup,1895.0,1697.0,2015-01-18,
59,Sid,Naresh,5522,84903,"Lisle, IL",888 Table Tennis Center,2598,2024-09-02,2478,2024-08-25,ACTIVE,2014 Butterfly Aurora Cup,1386.0,1438.0,2014-01-19,
74,Ojo,Onaolapo,121240,220240,"Newark, NY",PINGPOD,2567,2024-08-31,2604,2022-05-14,ACTIVE,2019 Aurora Cup,2564.0,2494.0,2019-01-18,2019-01-18
81,Kewei,Li,4437,89053,"Houston, TX",Houston International Table Tennis Academy (HITTA),2561,2024-08-31,0,,ACTIVE,2016 Aurora Cup,2705.0,2695.0,2016-01-15,2016-01-16
84,Bruno,Ventura Dos Anjos,51062,94589,"Bethesda, MD",MDTTC - Maryland Table Tennis Center,2558,2024-07-14,2548,2019-09-07,ACTIVE,2020 Aurora Cup,2535.0,2524.0,2020-01-17,2020-01-17
84,Bruno,Ventura Dos Anjos,51062,94589,"Bethesda, MD",MDTTC - Maryland Table Tennis Center,2558,2024-07-14,2548,2019-09-07,ACTIVE,2019 Aurora Cup,2549.0,2553.0,2019-01-18,2019-01-18
87,Yichi,Zhang,9059,89328,"Clinton, IL",Experior Table Tennis Club,2544,2024-05-05,2621,2019-08-10,ACTIVE,2020 Aurora Cup,2639.0,2623.0,2020-01-17,2020-01-17
87,Yichi,Zhang,9059,89328,"Clinton, IL",Experior Table Tennis Club,2544,2024-05-05,2621,2019-08-10,ACTIVE,2019 Aurora Cup,2545.0,2631.0,2019-01-18,2019-01-18
87,Yichi,Zhang,9059,89328,"Clinton, IL",Experior Table Tennis Club,2544,2024-05-05,2621,2019-08-10,ACTIVE,2018 Aurora Cup,2585.0,2564.0,2018-01-12,2018-01-14
87,Yichi,Zhang,9059,89328,"Clinton, IL",Experior Table Tennis Club,2544,2024-05-05,2621,2019-08-10,ACTIVE,2017 Aurora Cup,2539.0,2614.0,2017-01-13,2017-01-15
87,Yichi,Zhang,9059,89328,"Clinton, IL",Experior Table Tennis Club,2544,2024-05-05,2621,2019-08-10,ACTIVE,2015 Butterfly Aurora Cup,2550.0,2549.0,2015-01-18,
87,Yichi,Zhang,9059,89328,"Clinton, IL",Experior Table Tennis Club,2544,2024-05-05,2621,2019-08-10,ACTIVE,2014 Butterfly Aurora Cup,2580.0,2584.0,2014-01-19,
97,Jeff,Furusho Yamada,117808,216808,"Naples, FL",Naples Pong,2535,2018-04-04,0,,ACTIVE,2018 Aurora Cup,2498.0,2516.0,2018-01-12,2018-01-14
101,Jimmy,Butler,863,4594,"Houston, TX",Houston International Table Tennis Academy (HITTA),2530,2024-07-07,2432,2024-06-29,ACTIVE,2015 Butterfly Aurora Cup,2534.0,2535.0,2015-01-18,
101,Jimmy,Butler,863,4594,"Houston, TX",Houston International Table Tennis Academy (HITTA),2530,2024-07-07,2432,2024-06-29,ACTIVE,2014 Butterfly Aurora Cup,2527.0,2542.0,2014-01-19,
113,Seth,Pech,6040,32337,"Strongsville, OH",Strongsville Table Tennis,2521,2024-05-19,2402,2020-11-10,ACTIVE,2016 Aurora Cup,2320.0,2375.0,2016-01-15,2016-01-16
125,Chance,Friend,2253,31426,"Canton, MN",Minnesota Table Tennis Federation,2511,2024-08-24,2299,2010-10-05,ACTIVE,2020 Aurora Cup,2515.0,2515.0,2020-01-17,2020-01-17
126,Anav,Gupta,103363,202363,"Cary, NC",NC International Table Tennis (NCITT),2509,2024-09-02,2223,2024-02-04,ACTIVE,2020 Aurora Cup,1968.0,1943.0,2020-01-17,2020-01-17
140,Ye,Tian,7793,95248,"Sunnyvale, MA",,2498,2024-07-28,2571,2022-11-06,ACTIVE,2020 Aurora Cup,2524.0,2525.0,2020-01-17,2020-01-17
140,Ye,Tian,7793,95248,"Sunnyvale, MA",,2498,2024-07-28,2571,2022-11-06,ACTIVE,2019 Aurora Cup,2573.0,2567.0,2019-01-18,2019-01-18
154,Zongqi Henry,Zhong,9123,84897,"Eatonwood, NJ",New Jersey Table Tennis Club,2485,2024-07-28,2461,2022-09-13,ACTIVE,2020 Aurora Cup,2520.0,2526.0,2020-01-17,2020-01-17
162,Hammed-Taiwo,Adeyinka,123239,222239,Duluth,,2479,2024-08-31,0,,ACTIVE,2019 Aurora Cup,2534.0,2555.0,2019-01-18,2019-01-18
164,Yue,Wu,8655,78882,"Suwanee, GA",Wu Yue Table Tennis,2478,2020-10-01,0,,ACTIVE,2014 Butterfly Aurora Cup,2533.0,2522.0,2014-01-19,
167,Aziz,Zarehbin,8974,91906,"Oakland, CA",ICC Table Tennis Center,2472,2024-08-04,2389,2024-01-07,ACTIVE,2019 Aurora Cup,2286.0,2296.0,2019-01-18,2019-01-18
167,Aziz,Zarehbin,8974,91906,"Oakland, CA",ICC Table Tennis Center,2472,2024-08-04,2389,2024-01-07,ACTIVE,2018 Aurora Cup,2201.0,2261.0,2018-01-12,2018-01-14
167,Aziz,Zarehbin,8974,91906,"Oakland, CA",ICC Table Tennis Center,2472,2024-08-04,2389,2024-01-07,ACTIVE,2016 Aurora Cup,1932.0,2068.0,2016-01-15,2016-01-16
168,Chen,Wang,8230,22153,"New York, NY",,2472,2020-03-01,2614,2015-08-14,ACTIVE,2020 Aurora Cup,2476.0,2472.0,2020-01-17,2020-01-17
197,Samson,Dubina,1866,9051,"Akron, OH",Samson Dubina Table Tennis Academy,2443,2020-03-08,2432,2016-01-23,ACTIVE,2019 Aurora Cup,2461.0,2485.0,2019-01-18,2019-01-18
197,Samson,Dubina,1866,9051,"Akron, OH",Samson Dubina Table Tennis Academy,2443,2020-03-08,2432,2016-01-23,ACTIVE,2016 Aurora Cup,2503.0,2473.0,2016-01-15,2016-01-16
197,Samson,Dubina,1866,9051,"Akron, OH",Samson Dubina Table Tennis Academy,2443,2020-03-08,2432,2016-01-23,ACTIVE,2015 Butterfly Aurora Cup,2463.0,2465.0,2015-01-18,
197,Samson,Dubina,1866,9051,"Akron, OH",Samson Dubina Table Tennis Academy,2443,2020-03-08,2432,2016-01-23,ACTIVE,2014 Butterfly Aurora Cup,2515.0,2516.0,2014-01-19,
209,Leo,Huang,26178,93127,"San Leandro, CA",,2433,2023-12-21,2302,2023-11-12,ACTIVE,2018 Aurora Cup,2258.0,2239.0,2018-01-12,2018-01-14
229,Diwei,Shi,7059,89048,"Katy, TX",Houston International Table Tennis Academy (HITTA),2418,2024-03-17,0,,ACTIVE,2014 Butterfly Aurora Cup,2627.0,2607.0,2014-01-19,
238,Kai,Zarehbin,8975,91905,"Oakland, CA",ICC Table Tennis Center,2411,2024-08-25,2279,2024-07-20,ACTIVE,2019 Aurora Cup,2324.0,2416.0,2019-01-18,2019-01-18
238,Kai,Zarehbin,8975,91905,"Oakland, CA",ICC Table Tennis Center,2411,2024-08-25,2279,2024-07-20,ACTIVE,2018 Aurora Cup,2274.0,2226.0,2018-01-12,2018-01-14
238,Kai,Zarehbin,8975,91905,"Oakland, CA",ICC Table Tennis Center,2411,2024-08-25,2279,2024-07-20,ACTIVE,2016 Aurora Cup,1953.0,2187.0,2016-01-15,2016-01-16
263,Alex,Legaria,4307,91080,"St. Louis, MO",,2389,2024-07-06,0,,ACTIVE,2018 Aurora Cup,2358.0,2387.0,2018-01-12,2018-01-14
263,Alex,Legaria,4307,91080,"St. Louis, MO",,2389,2024-07-06,0,,ACTIVE,2015 Butterfly Aurora Cup,2261.0,2338.0,2015-01-18,
265,Eliel,Sosis,7327,94640,"Sharon, MA",,2388,2024-07-07,2240,2024-06-29,ACTIVE,2020 Aurora Cup,2305.0,2327.0,2020-01-17,2020-01-17
266,Daniel,Ng,5591,88317,"Duluth, GA",,2388,2023-11-26,2305,2019-04-06,ACTIVE,2019 Aurora Cup,2338.0,2273.0,2019-01-18,2019-01-18
281,Alex,Averin,309,81774,"Garwood, NJ",PINGPOD,2374,2024-08-25,2486,2024-09-06,ACTIVE,2018 Aurora Cup,2169.0,2298.0,2018-01-12,2018-01-14
281,Alex,Averin,309,81774,"Garwood, NJ",PINGPOD,2374,2024-08-25,2486,2024-09-06,ACTIVE,2017 Aurora Cup,2242.0,2227.0,2017-01-13,2017-01-15
281,Alex,Averin,309,81774,"Garwood, NJ",PINGPOD,2374,2024-08-25,2486,2024-09-06,ACTIVE,2016 Aurora Cup,2237.0,2203.0,2016-01-15,2016-01-16
281,Alex,Averin,309,81774,"Garwood, NJ",PINGPOD,2374,2024-08-25,2486,2024-09-06,ACTIVE,2015 Butterfly Aurora Cup,2120.0,2184.0,2015-01-18,
281,Alex,Averin,309,81774,"Garwood, NJ",PINGPOD,2374,2024-08-25,2486,2024-09-06,ACTIVE,2014 Butterfly Aurora Cup,2072.0,2036.0,2014-01-19,
283,Isabella,Xu,102353,98155,"Cary, NC",NC International Table Tennis (NCITT),2374,2024-08-04,2299,2024-05-17,ACTIVE,2020 Aurora Cup,2095.0,2082.0,2020-01-17,2020-01-17
286,Wantong,Liu,4667,84582,"Katy, TX",Houston International Table Tennis Academy (HITTA),2372,2024-03-17,0,,ACTIVE,2014 Butterfly Aurora Cup,2393.0,2375.0,2014-01-19,
298,Rachel,Wang,8298,96633,"Apex, NC",Carolina International Table Tennis Academy (CITTA),2359,2024-05-27,1663,2018-07-27,ACTIVE,2020 Aurora Cup,2073.0,2176.0,2020-01-17,2020-01-17
305,Michael,Wolski,8538,81963,"Schaumburg, IL",Experior Table Tennis Club,2352,2024-04-21,2402,2020-02-08,ACTIVE,2020 Aurora Cup,2319.0,2308.0,2020-01-17,2020-01-17
305,Michael,Wolski,8538,81963,"Schaumburg, IL",Experior Table Tennis Club,2352,2024-04-21,2402,2020-02-08,ACTIVE,2019 Aurora Cup,2307.0,2305.0,2019-01-18,2019-01-18
305,Michael,Wolski,8538,81963,"Schaumburg, IL",Experior Table Tennis Club,2352,2024-04-21,2402,2020-02-08,ACTIVE,2018 Aurora Cup,2340.0,2343.0,2018-01-12,2018-01-14
305,Michael,Wolski,8538,81963,"Schaumburg, IL",Experior Table Tennis Club,2352,2024-04-21,2402,2020-02-08,ACTIVE,2017 Aurora Cup,2283.0,2281.0,2017-01-13,2017-01-15
305,Michael,Wolski,8538,81963,"Schaumburg, IL",Experior Table Tennis Club,2352,2024-04-21,2402,2020-02-08,ACTIVE,2016 Aurora Cup,2217.0,2206.0,2016-01-15,2016-01-16
305,Michael,Wolski,8538,81963,"Schaumburg, IL",Experior Table Tennis Club,2352,2024-04-21,2402,2020-02-08,ACTIVE,2015 Butterfly Aurora Cup,2088.0,2108.0,2015-01-18,
305,Michael,Wolski,8538,81963,"Schaumburg, IL",Experior Table Tennis Club,2352,2024-04-21,2402,2020-02-08,ACTIVE,2014 Butterfly Aurora Cup,2006.0,2046.0,2014-01-19,
307,Jerry,Dydynski,1908,92954,"Wood Dale, IL",Experior Table Tennis Club,2350,2019-04-06,2011,2020-08-07,ACTIVE,2019 Aurora Cup,2106.0,2152.0,2019-01-18,2019-01-18
307,Jerry,Dydynski,1908,92954,"Wood Dale, IL",Experior Table Tennis Club,2350,2019-04-06,2011,2020-08-07,ACTIVE,2018 Aurora Cup,2147.0,2096.0,2018-01-12,2018-01-14
307,Jerry,Dydynski,1908,92954,"Wood Dale, IL",Experior Table Tennis Club,2350,2019-04-06,2011,2020-08-07,ACTIVE,2017 Aurora Cup,1949.0,1907.0,2017-01-13,2017-01-15
307,Jerry,Dydynski,1908,92954,"Wood Dale, IL",Experior Table Tennis Club,2350,2019-04-06,2011,2020-08-07,ACTIVE,2015 Butterfly Aurora Cup,1817.0,1769.0,2015-01-18,
318,Michael,Guo,122417,221417,"Katy, TX","Chinese Community Center, Inc.",2346,2024-02-18,2275,2024-02-24,ACTIVE,2020 Aurora Cup,2053.0,2151.0,2020-01-17,2020-01-17
328,Barney,Reed,6456,44775,"Milpitas, CA",Stickman Skills Center,2342,2023-11-26,2447,2018-05-26,ACTIVE,2016 Aurora Cup,2524.0,2479.0,2016-01-15,2016-01-16
334,Isiaka,Wahab,124610,223610,Indianapolis,,2339,2024-06-02,2219,2019-12-20,ACTIVE,2020 Aurora Cup,2428.0,2412.0,2020-01-17,2020-01-17
357,Wojciech,Wolski,8539,58869,"Schaumburg, IL",Experior Table Tennis Club,2327,2020-01-17,2243,2020-02-08,ACTIVE,2020 Aurora Cup,2326.0,2327.0,2020-01-17,2020-01-17
357,Wojciech,Wolski,8539,58869,"Schaumburg, IL",Experior Table Tennis Club,2327,2020-01-17,2243,2020-02-08,ACTIVE,2019 Aurora Cup,2341.0,2335.0,2019-01-18,2019-01-18
357,Wojciech,Wolski,8539,58869,"Schaumburg, IL",Experior Table Tennis Club,2327,2020-01-17,2243,2020-02-08,ACTIVE,2018 Aurora Cup,2307.0,2311.0,2018-01-12,2018-01-14
357,Wojciech,Wolski,8539,58869,"Schaumburg, IL",Experior Table Tennis Club,2327,2020-01-17,2243,2020-02-08,ACTIVE,2016 Aurora Cup,2323.0,2309.0,2016-01-15,2016-01-16
357,Wojciech,Wolski,8539,58869,"Schaumburg, IL",Experior Table Tennis Club,2327,2020-01-17,2243,2020-02-08,ACTIVE,2015 Butterfly Aurora Cup,2297.0,2284.0,2015-01-18,
357,Wojciech,Wolski,8539,58869,"Schaumburg, IL",Experior Table Tennis Club,2327,2020-01-17,2243,2020-02-08,ACTIVE,2014 Butterfly Aurora Cup,2345.0,2323.0,2014-01-19,
362,Daniel,Seemiller,6920,9870,"New Carlisle, IN",South Bend Table Tennis Club,2324,2023-03-19,0,,ACTIVE,2020 Aurora Cup,2332.0,2334.0,2020-01-17,2020-01-17
362,Daniel,Seemiller,6920,9870,"New Carlisle, IN",South Bend Table Tennis Club,2324,2023-03-19,0,,ACTIVE,2015 Butterfly Aurora Cup,2498.0,2494.0,2015-01-18,
363,Lukasz,Fita,2156,31834,"Chicago, IL",Spin NY,2324,2021-10-31,0,,ACTIVE,2018 Aurora Cup,2280.0,2310.0,2018-01-12,2018-01-14
363,Lukasz,Fita,2156,31834,"Chicago, IL",Spin NY,2324,2021-10-31,0,,ACTIVE,2015 Butterfly Aurora Cup,2285.0,2281.0,2015-01-18,
371,Ciz,Richard,1364,22622,"miami, FL",PINGPOD,2319,2024-08-10,0,,ACTIVE,2017 Aurora Cup,2300.0,2301.0,2017-01-13,2017-01-15
381,Artur,Kurek,4017,76969,"River Grove, IL",Net and Paddle Club,2311,2024-04-21,2275,2020-02-08,ACTIVE,2020 Aurora Cup,2376.0,2362.0,2020-01-17,2020-01-17
381,Artur,Kurek,4017,76969,"River Grove, IL",Net and Paddle Club,2311,2024-04-21,2275,2020-02-08,ACTIVE,2016 Aurora Cup,2292.0,2278.0,2016-01-15,2016-01-16
381,Artur,Kurek,4017,76969,"River Grove, IL",Net and Paddle Club,2311,2024-04-21,2275,2020-02-08,ACTIVE,2015 Butterfly Aurora Cup,2341.0,2309.0,2015-01-18,
381,Artur,Kurek,4017,76969,"River Grove, IL",Net and Paddle Club,2311,2024-04-21,2275,2020-02-08,ACTIVE,2014 Butterfly Aurora Cup,2289.0,2312.0,2014-01-19,
382,Daniel,Stepanyuk,7418,95162,"Lincon, NE",,2311,2022-07-01,2004,2020-03-12,ACTIVE,2018 Aurora Cup,2071.0,2106.0,2018-01-12,2018-01-14
382,Daniel,Stepanyuk,7418,95162,"Lincon, NE",,2311,2022-07-01,2004,2020-03-12,ACTIVE,2017 Aurora Cup,1996.0,2080.0,2017-01-13,2017-01-15
383,Shuang,Wang,52015,86641,"New York, NY",PINGPOD,2310,2024-03-17,0,,ACTIVE,2019 Aurora Cup,2386.0,2387.0,2019-01-18,2019-01-18
383,Shuang,Wang,52015,86641,"New York, NY",PINGPOD,2310,2024-03-17,0,,ACTIVE,2018 Aurora Cup,2364.0,2369.0,2018-01-12,2018-01-14
383,Shuang,Wang,52015,86641,"New York, NY",PINGPOD,2310,2024-03-17,0,,ACTIVE,2017 Aurora Cup,2384.0,2386.0,2017-01-13,2017-01-15
386,Gediminas,Mickus,120276,219276,"Chicago, IL",Experior Table Tennis Club,2308,2024-03-17,2253,2019-09-13,ACTIVE,2020 Aurora Cup,2225.0,2206.0,2020-01-17,2020-01-17
386,Gediminas,Mickus,120276,219276,"Chicago, IL",Experior Table Tennis Club,2308,2024-03-17,2253,2019-09-13,ACTIVE,2019 Aurora Cup,2258.0,2287.0,2019-01-18,2019-01-18
415,Vinay,Chandra,1045,34825,"Highlands Ranch, CO",Mile High Table Tennis Academy,2290,2024-08-04,2176,2024-05-25,ACTIVE,2020 Aurora Cup,2200.0,2202.0,2020-01-17,2020-01-17
435,Changbo,Lu,103365,202365,"Cary, NC",Triangle Badminton & Table Tennis,2282,2024-03-24,0,,ACTIVE,2020 Aurora Cup,2065.0,2217.0,2020-01-17,2020-01-17
436,Maria,Castillo Castillo,974,92155,"Cambridge, MA",,2282,2018-03-02,2130,2017-11-14,ACTIVE,2014 Butterfly Aurora Cup,2112.0,2148.0,2014-01-19,
461,Dan,Seemiller Jr,6921,27825,"El Paso, TX",El Paso Table Tennis Club,2267,2024-07-27,2164,2022-09-23,ACTIVE,2015 Butterfly Aurora Cup,2231.0,2234.0,2015-01-18,
462,Dian,Li,4401,89742,"Des Plaines, IL",New Orleans Table Tennis Club,2267,2023-10-29,0,,ACTIVE,2016 Aurora Cup,2229.0,2364.0,2016-01-15,2016-01-16
466,James,Therriault,7761,10533,"Sacramento, CA",Sacramento Table Tennis Club,2264,2024-07-28,2211,2022-08-20,ACTIVE,2016 Aurora Cup,2181.0,2147.0,2016-01-15,2016-01-16
469,Vikash,Sahu,6731,28377,"North Potomac, MD",Club JOOLA,2262,2024-08-25,2159,2020-01-11,ACTIVE,2020 Aurora Cup,2216.0,2197.0,2020-01-17,2020-01-17
469,Vikash,Sahu,6731,28377,"North Potomac, MD",Club JOOLA,2262,2024-08-25,2159,2020-01-11,ACTIVE,2019 Aurora Cup,2281.0,2187.0,2019-01-18,2019-01-18
469,Vikash,Sahu,6731,28377,"North Potomac, MD",Club JOOLA,2262,2024-08-25,2159,2020-01-11,ACTIVE,2018 Aurora Cup,2165.0,2192.0,2018-01-12,2018-01-14
478,Keith,Pech,6039,32336,"Irving, TX",DFW Table Tennis,2256,2024-08-31,2221,2022-05-23,ACTIVE,2019 Aurora Cup,2305.0,2264.0,2019-01-18,2019-01-18
484,Sabrina,Zhu,9155,91046,"Alpharetta, GA",Atlanta International Table Tennis Academy,2251,2023-11-26,2221,2019-07-26,ACTIVE,2020 Aurora Cup,2265.0,2262.0,2020-01-17,2020-01-17
484,Sabrina,Zhu,9155,91046,"Alpharetta, GA",Atlanta International Table Tennis Academy,2251,2023-11-26,2221,2019-07-26,ACTIVE,2019 Aurora Cup,2235.0,2278.0,2019-01-18,2019-01-18
519,Donald,Hinshaw,25169,32907,"Rochester, MI",Davison Athletic Club,2235,2024-05-19,2088,2013-02-02,ACTIVE,2019 Aurora Cup,2188.0,2152.0,2019-01-18,2019-01-18
520,Tung,Pham,6129,93480,"Rancho Cucamonga, CA",,2235,2024-06-02,0,,ACTIVE,2018 Aurora Cup,2424.0,2427.0,2018-01-12,2018-01-14
521,Akhlak,Rahman,103459,202459,"Hatfield, PA",Trolley Car Table Tennis Club,2234,2018-03-02,0,,ACTIVE,2017 Aurora Cup,2246.0,2234.0,2017-01-13,2017-01-15
530,Roger,Liu,4642,82029,"New York, OH",Twinsburg Table Tennis Club,2230,2024-08-25,2197,2017-06-24,ACTIVE,2016 Aurora Cup,2136.0,2224.0,2016-01-15,2016-01-16
556,Joseph,Yoon,54834,22410,"Lincolnwood, IL",,2221,2019-05-25,2034,2021-10-16,ACTIVE,2019 Aurora Cup,2099.0,2100.0,2019-01-18,2019-01-18
556,Joseph,Yoon,54834,22410,"Lincolnwood, IL",,2221,2019-05-25,2034,2021-10-16,ACTIVE,2018 Aurora Cup,2020.0,2070.0,2018-01-12,2018-01-14
556,Joseph,Yoon,54834,22410,"Lincolnwood, IL",,2221,2019-05-25,2034,2021-10-16,ACTIVE,2017 Aurora Cup,2016.0,2000.0,2017-01-13,2017-01-15
556,Joseph,Yoon,54834,22410,"Lincolnwood, IL",,2221,2019-05-25,2034,2021-10-16,ACTIVE,2014 Butterfly Aurora Cup,2076.0,2082.0,2014-01-19,
570,Kenai,Rios,112820,211820,"Clayton, NC",Carolina International Table Tennis Academy (CITTA),2217,2024-07-07,0,,ACTIVE,2018 Aurora Cup,1033.0,983.0,2018-01-12,2018-01-14
570,Kenai,Rios,112820,211820,"Clayton, NC",Carolina International Table Tennis Academy (CITTA),2217,2024-07-07,0,,ACTIVE,2017 Aurora Cup,905.0,881.0,2017-01-13,2017-01-15
585,Swarna,Jayakumar,103367,202367,"Frisco, UT",,2209,2024-04-28,2200,2017-12-09,ACTIVE,2017 Aurora Cup,2183.0,2230.0,2017-01-13,2017-01-15
608,Itziar A,Rios,112821,211821,"Raleigh, NC",,2201,2024-07-07,0,,ACTIVE,2018 Aurora Cup,1907.0,1908.0,2018-01-12,2018-01-14
608,Itziar A,Rios,112821,211821,"Raleigh, NC",,2201,2024-07-07,0,,ACTIVE,2017 Aurora Cup,1782.0,1880.0,2017-01-13,2017-01-15
630,Dong,Liu,116830,215830,"Newark, CA",Golden State Table Tennis Club LLC,2195,2024-09-02,2125,2024-06-29,ACTIVE,2018 Aurora Cup,2018.0,2192.0,2018-01-12,2018-01-14
650,Zayd,Syed,119014,218014,"Mundelein, IL",,2187,2023-07-07,0,,ACTIVE,2019 Aurora Cup,1791.0,1744.0,2019-01-18,2019-01-18
650,Zayd,Syed,119014,218014,"Mundelein, IL",,2187,2023-07-07,0,,ACTIVE,2018 Aurora Cup,1200.0,1201.0,2018-01-12,2018-01-14
652,Bin Hai,Chu,1324,13020,"Miami Lakes, FL",PINGPOD,2186,2024-07-21,0,,ACTIVE,2017 Aurora Cup,2255.0,2250.0,2017-01-13,2017-01-15
657,Nicholas,Snider,7262,18498,"Cincinnati, OH",Tan's Table Tennis Training Club,2184,2024-03-17,0,,ACTIVE,2017 Aurora Cup,2233.0,2207.0,2017-01-13,2017-01-15
657,Nicholas,Snider,7262,18498,"Cincinnati, OH",Tan's Table Tennis Training Club,2184,2024-03-17,0,,ACTIVE,2016 Aurora Cup,2226.0,2246.0,2016-01-15,2016-01-16
657,Nicholas,Snider,7262,18498,"Cincinnati, OH",Tan's Table Tennis Training Club,2184,2024-03-17,0,,ACTIVE,2014 Butterfly Aurora Cup,2227.0,2183.0,2014-01-19,
691,Janusz,Franeczek,2231,26185,"Schiller Park, IL",,2173,2024-04-21,2214,2020-03-06,ACTIVE,2020 Aurora Cup,2142.0,2162.0,2020-01-17,2020-01-17
691,Janusz,Franeczek,2231,26185,"Schiller Park, IL",,2173,2024-04-21,2214,2020-03-06,ACTIVE,2019 Aurora Cup,2163.0,2105.0,2019-01-18,2019-01-18
691,Janusz,Franeczek,2231,26185,"Schiller Park, IL",,2173,2024-04-21,2214,2020-03-06,ACTIVE,2018 Aurora Cup,2188.0,2148.0,2018-01-12,2018-01-14
691,Janusz,Franeczek,2231,26185,"Schiller Park, IL",,2173,2024-04-21,2214,2020-03-06,ACTIVE,2017 Aurora Cup,2167.0,2144.0,2017-01-13,2017-01-15
691,Janusz,Franeczek,2231,26185,"Schiller Park, IL",,2173,2024-04-21,2214,2020-03-06,ACTIVE,2016 Aurora Cup,2192.0,2184.0,2016-01-15,2016-01-16
691,Janusz,Franeczek,2231,26185,"Schiller Park, IL",,2173,2024-04-21,2214,2020-03-06,ACTIVE,2015 Butterfly Aurora Cup,2120.0,2213.0,2015-01-18,
691,Janusz,Franeczek,2231,26185,"Schiller Park, IL",,2173,2024-04-21,2214,2020-03-06,ACTIVE,2014 Butterfly Aurora Cup,2187.0,2151.0,2014-01-19,
692,Ladislav,Sranko,7367,86454,"Waukesha, WI",Milwaukee Table Tennis Club,2173,2024-05-18,2035,2019-02-03,ACTIVE,2019 Aurora Cup,2052.0,1990.0,2019-01-18,2019-01-18
692,Ladislav,Sranko,7367,86454,"Waukesha, WI",Milwaukee Table Tennis Club,2173,2024-05-18,2035,2019-02-03,ACTIVE,2017 Aurora Cup,2084.0,2081.0,2017-01-13,2017-01-15
692,Ladislav,Sranko,7367,86454,"Waukesha, WI",Milwaukee Table Tennis Club,2173,2024-05-18,2035,2019-02-03,ACTIVE,2015 Butterfly Aurora Cup,2065.0,2075.0,2015-01-18,
692,Ladislav,Sranko,7367,86454,"Waukesha, WI",Milwaukee Table Tennis Club,2173,2024-05-18,2035,2019-02-03,ACTIVE,2014 Butterfly Aurora Cup,2142.0,2146.0,2014-01-19,
718,Joe,Podvin,6183,13313,"Brooklyn Park, MN",Table Tennis Minnesota,2162,2024-05-05,2016,2013-04-13,ACTIVE,2020 Aurora Cup,2186.0,2208.0,2020-01-17,2020-01-17
718,Joe,Podvin,6183,13313,"Brooklyn Park, MN",Table Tennis Minnesota,2162,2024-05-05,2016,2013-04-13,ACTIVE,2015 Butterfly Aurora Cup,2210.0,2188.0,2015-01-18,
723,Geetha,Krishna,125135,224135,"Marietta, GA",East Cobb Sports Table Tennis,2160,2024-08-18,0,,ACTIVE,2020 Aurora Cup,1113.0,1113.0,2020-01-17,2020-01-17
724,Igor,Falchuk,2057,95008,"Darien, IL",,2159,2024-07-07,2230,2021-10-16,ACTIVE,2020 Aurora Cup,2087.0,2103.0,2020-01-17,2020-01-17
724,Igor,Falchuk,2057,95008,"Darien, IL",,2159,2024-07-07,2230,2021-10-16,ACTIVE,2019 Aurora Cup,2133.0,2098.0,2019-01-18,2019-01-18
724,Igor,Falchuk,2057,95008,"Darien, IL",,2159,2024-07-07,2230,2021-10-16,ACTIVE,2018 Aurora Cup,2023.0,2002.0,2018-01-12,2018-01-14
724,Igor,Falchuk,2057,95008,"Darien, IL",,2159,2024-07-07,2230,2021-10-16,ACTIVE,2017 Aurora Cup,2045.0,2052.0,2017-01-13,2017-01-15
724,Igor,Falchuk,2057,95008,"Darien, IL",,2159,2024-07-07,2230,2021-10-16,ACTIVE,2016 Aurora Cup,2045.0,2051.0,2016-01-15,2016-01-16
724,Igor,Falchuk,2057,95008,"Darien, IL",,2159,2024-07-07,2230,2021-10-16,ACTIVE,2015 Butterfly Aurora Cup,1970.0,2013.0,2015-01-18,
732,Medha,Krishna,119837,218837,"Marietta, GA",East Cobb Sports Table Tennis,2158,2024-08-18,0,,ACTIVE,2020 Aurora Cup,1744.0,1731.0,2020-01-17,2020-01-17
767,Leon,Li,4439,14682,"Wheaton, IL",Experior Table Tennis Club,2147,2024-07-07,2108,2021-10-16,ACTIVE,2020 Aurora Cup,2152.0,2169.0,2020-01-17,2020-01-17
767,Leon,Li,4439,14682,"Wheaton, IL",Experior Table Tennis Club,2147,2024-07-07,2108,2021-10-16,ACTIVE,2019 Aurora Cup,2175.0,2157.0,2019-01-18,2019-01-18
767,Leon,Li,4439,14682,"Wheaton, IL",Experior Table Tennis Club,2147,2024-07-07,2108,2021-10-16,ACTIVE,2018 Aurora Cup,2139.0,2168.0,2018-01-12,2018-01-14
767,Leon,Li,4439,14682,"Wheaton, IL",Experior Table Tennis Club,2147,2024-07-07,2108,2021-10-16,ACTIVE,2015 Butterfly Aurora Cup,2123.0,2062.0,2015-01-18,
767,Leon,Li,4439,14682,"Wheaton, IL",Experior Table Tennis Club,2147,2024-07-07,2108,2021-10-16,ACTIVE,2014 Butterfly Aurora Cup,2135.0,2098.0,2014-01-19,
768,David,Roberts,6562,55604,"Bellevue, WA",Seattle Pacific Table Tennis Club,2147,2023-12-10,2169,2023-12-30,ACTIVE,2020 Aurora Cup,2124.0,2278.0,2020-01-17,2020-01-17
773,Wayne,Wasielewski,8350,10946,"Prospect Heights, IL",Edge Table Tennis Club,2146,2018-10-28,2025,2020-02-01,ACTIVE,2018 Aurora Cup,2053.0,2078.0,2018-01-12,2018-01-14
782,Preston,Stecklein,120273,219273,"Haddonfield, NJ",Lily Yip Table Tennis Center,2143,2023-11-26,2134,2024-08-02,ACTIVE,2018 Aurora Cup,1536.0,1534.0,2018-01-12,2018-01-14
795,William,Huang,180401,279401,"Seattle, WA",MDTTC - Maryland Table Tennis Center,2139,2019-12-01,2080,2024-08-17,ACTIVE,2017 Aurora Cup,1962.0,2043.0,2017-01-13,2017-01-15
806,Louis,Schlessinger,6854,86783,"Philadelphia, PA",,2136,2024-08-25,2162,2024-08-23,ACTIVE,2016 Aurora Cup,1895.0,1890.0,2016-01-15,2016-01-16
806,Louis,Schlessinger,6854,86783,"Philadelphia, PA",,2136,2024-08-25,2162,2024-08-23,ACTIVE,2015 Butterfly Aurora Cup,1615.0,1653.0,2015-01-18,
839,Loi,Pham,6121,92907,"Thornton, CO",Sky High Table Tennis Club,2124,2024-04-28,0,,ACTIVE,2018 Aurora Cup,2096.0,2190.0,2018-01-12,2018-01-14
913,Jeremy,Sneeden,85218,56456,"Montrose, MN",Table Tennis Minnesota,2101,2024-08-11,0,,ACTIVE,2020 Aurora Cup,2138.0,2137.0,2020-01-17,2020-01-17
947,Thor J.,Truelson,7907,27830,"Bothell, WA",Seattle Pacific Table Tennis Club,2093,2023-10-08,2042,2023-11-04,ACTIVE,2014 Butterfly Aurora Cup,2216.0,2186.0,2014-01-19,
950,Ethan,Keller,3679,95531,"Thiensville, WI",,2092,2024-07-28,2075,2019-05-10,ACTIVE,2019 Aurora Cup,2084.0,2220.0,2019-01-18,2019-01-18
950,Ethan,Keller,3679,95531,"Thiensville, WI",,2092,2024-07-28,2075,2019-05-10,ACTIVE,2018 Aurora Cup,1994.0,2074.0,2018-01-12,2018-01-14
950,Ethan,Keller,3679,95531,"Thiensville, WI",,2092,2024-07-28,2075,2019-05-10,ACTIVE,2017 Aurora Cup,1875.0,1870.0,2017-01-13,2017-01-15
950,Ethan,Keller,3679,95531,"Thiensville, WI",,2092,2024-07-28,2075,2019-05-10,ACTIVE,2016 Aurora Cup,1274.0,1287.0,2016-01-15,2016-01-16
950,Ethan,Keller,3679,95531,"Thiensville, WI",,2092,2024-07-28,2075,2019-05-10,ACTIVE,2015 Butterfly Aurora Cup,0.0,789.0,2015-01-18,
955,Jeff,Johnson,27644,34213,"Macomb, MI",,2091,2024-03-17,0,,ACTIVE,2020 Aurora Cup,2033.0,2026.0,2020-01-17,2020-01-17
955,Jeff,Johnson,27644,34213,"Macomb, MI",,2091,2024-03-17,0,,ACTIVE,2019 Aurora Cup,1984.0,2032.0,2019-01-18,2019-01-18
955,Jeff,Johnson,27644,34213,"Macomb, MI",,2091,2024-03-17,0,,ACTIVE,2018 Aurora Cup,2077.0,2068.0,2018-01-12,2018-01-14
986,Oluwole,Ayangade,322,64766,"Kennesaw, IN",Chicago Table Tennis Club - Wheeling Park District Branch ,2083,2024-08-31,0,,ACTIVE,2020 Aurora Cup,2240.0,2211.0,2020-01-17,2020-01-17
986,Oluwole,Ayangade,322,64766,"Kennesaw, IN",Chicago Table Tennis Club - Wheeling Park District Branch ,2083,2024-08-31,0,,ACTIVE,2019 Aurora Cup,2199.0,2172.0,2019-01-18,2019-01-18
986,Oluwole,Ayangade,322,64766,"Kennesaw, IN",Chicago Table Tennis Club - Wheeling Park District Branch ,2083,2024-08-31,0,,ACTIVE,2017 Aurora Cup,2127.0,2129.0,2017-01-13,2017-01-15
986,Oluwole,Ayangade,322,64766,"Kennesaw, IN",Chicago Table Tennis Club - Wheeling Park District Branch ,2083,2024-08-31,0,,ACTIVE,2014 Butterfly Aurora Cup,2165.0,2168.0,2014-01-19,
991,Narasimhan,Ramakrishnan,6371,25608,"Schaumburg, IL",Experior Table Tennis Club,2083,2024-05-05,2092,2020-02-08,ACTIVE,2019 Aurora Cup,1979.0,1973.0,2019-01-18,2019-01-18
991,Narasimhan,Ramakrishnan,6371,25608,"Schaumburg, IL",Experior Table Tennis Club,2083,2024-05-05,2092,2020-02-08,ACTIVE,2018 Aurora Cup,1996.0,1942.0,2018-01-12,2018-01-14
991,Narasimhan,Ramakrishnan,6371,25608,"Schaumburg, IL",Experior Table Tennis Club,2083,2024-05-05,2092,2020-02-08,ACTIVE,2016 Aurora Cup,1943.0,1969.0,2016-01-15,2016-01-16
991,Narasimhan,Ramakrishnan,6371,25608,"Schaumburg, IL",Experior Table Tennis Club,2083,2024-05-05,2092,2020-02-08,ACTIVE,2015 Butterfly Aurora Cup,1938.0,1935.0,2015-01-18,
991,Narasimhan,Ramakrishnan,6371,25608,"Schaumburg, IL",Experior Table Tennis Club,2083,2024-05-05,2092,2020-02-08,ACTIVE,2014 Butterfly Aurora Cup,1859.0,1859.0,2014-01-19,
995,Don,Hamilton,2777,27945,"Dayton, OH",Dayton Table Tennis Club,2082,2024-03-17,0,,ACTIVE,2014 Butterfly Aurora Cup,2138.0,2155.0,2014-01-19,
1004,Spenser Minh,Lam,4092,25844,"Schaumburg, IL",Schaumburg Table Tennis Club,2079,2024-05-05,2151,2020-01-11,ACTIVE,2020 Aurora Cup,2143.0,2115.0,2020-01-17,2020-01-17
1004,Spenser Minh,Lam,4092,25844,"Schaumburg, IL",Schaumburg Table Tennis Club,2079,2024-05-05,2151,2020-01-11,ACTIVE,2016 Aurora Cup,2171.0,2193.0,2016-01-15,2016-01-16
1004,Spenser Minh,Lam,4092,25844,"Schaumburg, IL",Schaumburg Table Tennis Club,2079,2024-05-05,2151,2020-01-11,ACTIVE,2015 Butterfly Aurora Cup,2231.0,2244.0,2015-01-18,
1004,Spenser Minh,Lam,4092,25844,"Schaumburg, IL",Schaumburg Table Tennis Club,2079,2024-05-05,2151,2020-01-11,ACTIVE,2014 Butterfly Aurora Cup,2289.0,2233.0,2014-01-19,
1008,Mohamad,Alzein,116073,215073,Orland Park,,2077,2024-04-21,2001,2020-08-07,ACTIVE,2019 Aurora Cup,1938.0,1945.0,2019-01-18,2019-01-18
1008,Mohamad,Alzein,116073,215073,Orland Park,,2077,2024-04-21,2001,2020-08-07,ACTIVE,2018 Aurora Cup,1920.0,1843.0,2018-01-12,2018-01-14
1027,Michael D.,Henry,2959,6592,"Brooklyn, NY",,2073,2023-11-26,2155,2015-09-24,ACTIVE,2018 Aurora Cup,2120.0,2162.0,2018-01-12,2018-01-14
1038,Aaron,Avery,312,48793,"Middleton, WI",Madison Table Tennis Club,2070,2024-05-18,2039,2023-05-07,ACTIVE,2020 Aurora Cup,2038.0,2035.0,2020-01-17,2020-01-17
1038,Aaron,Avery,312,48793,"Middleton, WI",Madison Table Tennis Club,2070,2024-05-18,2039,2023-05-07,ACTIVE,2019 Aurora Cup,2055.0,2090.0,2019-01-18,2019-01-18
1038,Aaron,Avery,312,48793,"Middleton, WI",Madison Table Tennis Club,2070,2024-05-18,2039,2023-05-07,ACTIVE,2018 Aurora Cup,2159.0,2082.0,2018-01-12,2018-01-14
1038,Aaron,Avery,312,48793,"Middleton, WI",Madison Table Tennis Club,2070,2024-05-18,2039,2023-05-07,ACTIVE,2017 Aurora Cup,2089.0,2138.0,2017-01-13,2017-01-15
1083,Felix K.,Amankona-Diawuo,170,31475,"Chicago, IL",Table Tennis Chicago,2061,2019-09-22,2042,2019-08-03,ACTIVE,2018 Aurora Cup,2082.0,2099.0,2018-01-12,2018-01-14
1083,Felix K.,Amankona-Diawuo,170,31475,"Chicago, IL",Table Tennis Chicago,2061,2019-09-22,2042,2019-08-03,ACTIVE,2016 Aurora Cup,1874.0,1872.0,2016-01-15,2016-01-16
1102,Junduo (Jason),Zhao,9082,8985,"san ramon, CA",JZTT Academy,2056,2018-09-15,2083,2018-01-19,ACTIVE,2018 Aurora Cup,2066.0,2064.0,2018-01-12,2018-01-14
1103,Pawel,Gluchowski,2465,13394,"Wheeling, IL",,2056,2023-10-29,2072,2019-12-13,ACTIVE,2019 Aurora Cup,2076.0,2071.0,2019-01-18,2019-01-18
1103,Pawel,Gluchowski,2465,13394,"Wheeling, IL",,2056,2023-10-29,2072,2019-12-13,ACTIVE,2018 Aurora Cup,2021.0,2024.0,2018-01-12,2018-01-14
1103,Pawel,Gluchowski,2465,13394,"Wheeling, IL",,2056,2023-10-29,2072,2019-12-13,ACTIVE,2017 Aurora Cup,2146.0,2103.0,2017-01-13,2017-01-15
1103,Pawel,Gluchowski,2465,13394,"Wheeling, IL",,2056,2023-10-29,2072,2019-12-13,ACTIVE,2016 Aurora Cup,1968.0,1996.0,2016-01-15,2016-01-16
1115,Peter (Liyang),Hua,25971,24333,"Chicago, IL",,2053,2018-03-02,1983,2024-09-03,ACTIVE,2015 Butterfly Aurora Cup,2027.0,2020.0,2015-01-18,
1115,Peter (Liyang),Hua,25971,24333,"Chicago, IL",,2053,2018-03-02,1983,2024-09-03,ACTIVE,2014 Butterfly Aurora Cup,2003.0,2003.0,2014-01-19,
1118,Abhilash,Rajesh Kumar,6364,93845,"Mountain View, CA",Stickman Skills Center,2052,2023-12-21,1925,2024-02-13,ACTIVE,2019 Aurora Cup,2030.0,2149.0,2019-01-18,2019-01-18
1120,David B.,Stout,7453,47292,"Carmel, IN",SpinBlock Table Tennis Center,2051,2022-05-29,1959,2021-09-27,ACTIVE,2016 Aurora Cup,2109.0,2108.0,2016-01-15,2016-01-16
1120,David B.,Stout,7453,47292,"Carmel, IN",SpinBlock Table Tennis Center,2051,2022-05-29,1959,2021-09-27,ACTIVE,2015 Butterfly Aurora Cup,2097.0,2142.0,2015-01-18,
1138,Yueh-Ta,Wu,102592,201592,"Santa Clara, CA",,2048,2022-12-04,2013,2024-06-29,ACTIVE,2017 Aurora Cup,2022.0,2032.0,2017-01-13,2017-01-15
1181,Danny,Wan,120179,219179,"Potomac, MD",Potomac Country Table Tennis Club,2038,2024-08-03,1974,2020-02-28,ACTIVE,2020 Aurora Cup,1989.0,1937.0,2020-01-17,2020-01-17
1181,Danny,Wan,120179,219179,"Potomac, MD",Potomac Country Table Tennis Club,2038,2024-08-03,1974,2020-02-28,ACTIVE,2019 Aurora Cup,1676.0,1792.0,2019-01-18,2019-01-18
1204,Vivek,Kini,3810,84684,"Aurora, IL",,2035,2023-11-26,2010,2019-09-13,ACTIVE,2020 Aurora Cup,2102.0,2098.0,2020-01-17,2020-01-17
1204,Vivek,Kini,3810,84684,"Aurora, IL",,2035,2023-11-26,2010,2019-09-13,ACTIVE,2014 Butterfly Aurora Cup,2151.0,2144.0,2014-01-19,
1205,Amey,Aroskar,157419,256419,"Geneva, IL",Fox Valley Table Tennis Club,2035,2023-11-26,0,,ACTIVE,2020 Aurora Cup,2110.0,2069.0,2020-01-17,2020-01-17
1205,Amey,Aroskar,157419,256419,"Geneva, IL",Fox Valley Table Tennis Club,2035,2023-11-26,0,,ACTIVE,2019 Aurora Cup,0.0,2110.0,2019-01-18,2019-01-18
1210,Van,Ly,4822,97461,"Coral Springs, FL",,2034,2024-03-31,0,,ACTIVE,2017 Aurora Cup,2084.0,2183.0,2017-01-13,2017-01-15
1216,Jiawen (john),Bian,12246,17048,"Roselle, IL",,2033,2024-05-05,1995,2021-10-16,ACTIVE,2019 Aurora Cup,2019.0,2039.0,2019-01-18,2019-01-18
1216,Jiawen (john),Bian,12246,17048,"Roselle, IL",,2033,2024-05-05,1995,2021-10-16,ACTIVE,2018 Aurora Cup,2073.0,2049.0,2018-01-12,2018-01-14
1216,Jiawen (john),Bian,12246,17048,"Roselle, IL",,2033,2024-05-05,1995,2021-10-16,ACTIVE,2016 Aurora Cup,2124.0,2095.0,2016-01-15,2016-01-16
1231,Aarthi,Loganathan,118446,217446,"Maple Grove, MN",Table Tennis Minnesota,2029,2023-11-04,2117,2022-08-26,ACTIVE,2020 Aurora Cup,1907.0,1950.0,2020-01-17,2020-01-17
1231,Aarthi,Loganathan,118446,217446,"Maple Grove, MN",Table Tennis Minnesota,2029,2023-11-04,2117,2022-08-26,ACTIVE,2019 Aurora Cup,1608.0,1753.0,2019-01-18,2019-01-18
1231,Aarthi,Loganathan,118446,217446,"Maple Grove, MN",Table Tennis Minnesota,2029,2023-11-04,2117,2022-08-26,ACTIVE,2018 Aurora Cup,1115.0,1140.0,2018-01-12,2018-01-14
1235,Alexander,Cai,888,94668,"Mequon, WI",,2028,2023-11-26,1609,2017-09-08,ACTIVE,2020 Aurora Cup,2025.0,2055.0,2020-01-17,2020-01-17
1235,Alexander,Cai,888,94668,"Mequon, WI",,2028,2023-11-26,1609,2017-09-08,ACTIVE,2019 Aurora Cup,1945.0,1949.0,2019-01-18,2019-01-18
1235,Alexander,Cai,888,94668,"Mequon, WI",,2028,2023-11-26,1609,2017-09-08,ACTIVE,2018 Aurora Cup,1689.0,1759.0,2018-01-12,2018-01-14
1235,Alexander,Cai,888,94668,"Mequon, WI",,2028,2023-11-26,1609,2017-09-08,ACTIVE,2017 Aurora Cup,1436.0,1486.0,2017-01-13,2017-01-15
1235,Alexander,Cai,888,94668,"Mequon, WI",,2028,2023-11-26,1609,2017-09-08,ACTIVE,2016 Aurora Cup,744.0,871.0,2016-01-15,2016-01-16
1235,Alexander,Cai,888,94668,"Mequon, WI",,2028,2023-11-26,1609,2017-09-08,ACTIVE,2015 Butterfly Aurora Cup,219.0,413.0,2015-01-18,
1247,Danny,Williams,117811,216811,"Chicago, IL",Net and Paddle Club,2025,2023-05-28,1904,2019-12-21,ACTIVE,2020 Aurora Cup,2068.0,2062.0,2020-01-17,2020-01-17
1247,Danny,Williams,117811,216811,"Chicago, IL",Net and Paddle Club,2025,2023-05-28,1904,2019-12-21,ACTIVE,2019 Aurora Cup,1931.0,1969.0,2019-01-18,2019-01-18
1247,Danny,Williams,117811,216811,"Chicago, IL",Net and Paddle Club,2025,2023-05-28,1904,2019-12-21,ACTIVE,2018 Aurora Cup,1761.0,1802.0,2018-01-12,2018-01-14
1248,Ejaz,Shah,6972,63361,"Algonquin, IL",Experior Table Tennis Club,2025,2024-08-11,2072,2021-10-16,ACTIVE,2020 Aurora Cup,2044.0,2039.0,2020-01-17,2020-01-17
1248,Ejaz,Shah,6972,63361,"Algonquin, IL",Experior Table Tennis Club,2025,2024-08-11,2072,2021-10-16,ACTIVE,2019 Aurora Cup,2096.0,2080.0,2019-01-18,2019-01-18
1248,Ejaz,Shah,6972,63361,"Algonquin, IL",Experior Table Tennis Club,2025,2024-08-11,2072,2021-10-16,ACTIVE,2018 Aurora Cup,2145.0,2109.0,2018-01-12,2018-01-14
1248,Ejaz,Shah,6972,63361,"Algonquin, IL",Experior Table Tennis Club,2025,2024-08-11,2072,2021-10-16,ACTIVE,2017 Aurora Cup,2052.0,2064.0,2017-01-13,2017-01-15
1248,Ejaz,Shah,6972,63361,"Algonquin, IL",Experior Table Tennis Club,2025,2024-08-11,2072,2021-10-16,ACTIVE,2016 Aurora Cup,2060.0,2022.0,2016-01-15,2016-01-16
1248,Ejaz,Shah,6972,63361,"Algonquin, IL",Experior Table Tennis Club,2025,2024-08-11,2072,2021-10-16,ACTIVE,2015 Butterfly Aurora Cup,1946.0,1931.0,2015-01-18,
1248,Ejaz,Shah,6972,63361,"Algonquin, IL",Experior Table Tennis Club,2025,2024-08-11,2072,2021-10-16,ACTIVE,2014 Butterfly Aurora Cup,1932.0,1899.0,2014-01-19,
1266,J. D.,Bradley,726,24045,"Greenwood, IN",IndyPong TTC,2023,2024-06-02,1862,2023-03-13,ACTIVE,2016 Aurora Cup,1883.0,1883.0,2016-01-15,2016-01-16
1285,Weiliang Jordan,Sun,48172,89073,"Urbana, IL",,2019,2019-08-03,0,,ACTIVE,2015 Butterfly Aurora Cup,1951.0,1948.0,2015-01-18,
1331,Nicholas,Shilling,7080,79901,"New Berlin, WI",Milwaukee Table Tennis Club,2012,2021-10-31,0,,ACTIVE,2020 Aurora Cup,2036.0,2032.0,2020-01-17,2020-01-17
1331,Nicholas,Shilling,7080,79901,"New Berlin, WI",Milwaukee Table Tennis Club,2012,2021-10-31,0,,ACTIVE,2018 Aurora Cup,1814.0,1939.0,2018-01-12,2018-01-14
1331,Nicholas,Shilling,7080,79901,"New Berlin, WI",Milwaukee Table Tennis Club,2012,2021-10-31,0,,ACTIVE,2017 Aurora Cup,1744.0,1834.0,2017-01-13,2017-01-15
1331,Nicholas,Shilling,7080,79901,"New Berlin, WI",Milwaukee Table Tennis Club,2012,2021-10-31,0,,ACTIVE,2016 Aurora Cup,1447.0,1540.0,2016-01-15,2016-01-16
1338,Arefeh,Sherafati,7049,95547,"Philadelphia, PA",,2010,2024-08-25,2034,2024-08-23,ACTIVE,2016 Aurora Cup,2054.0,2001.0,2016-01-15,2016-01-16
1338,Arefeh,Sherafati,7049,95547,"Philadelphia, PA",,2010,2024-08-25,2034,2024-08-23,ACTIVE,2015 Butterfly Aurora Cup,0.0,2054.0,2015-01-18,
1341,Piotr,Soja,7281,82335,"Addison, IL",,2009,2024-07-07,1745,2020-07-18,ACTIVE,2020 Aurora Cup,1981.0,2004.0,2020-01-17,2020-01-17
1341,Piotr,Soja,7281,82335,"Addison, IL",,2009,2024-07-07,1745,2020-07-18,ACTIVE,2019 Aurora Cup,2056.0,2038.0,2019-01-18,2019-01-18
1341,Piotr,Soja,7281,82335,"Addison, IL",,2009,2024-07-07,1745,2020-07-18,ACTIVE,2018 Aurora Cup,1943.0,1972.0,2018-01-12,2018-01-14
1341,Piotr,Soja,7281,82335,"Addison, IL",,2009,2024-07-07,1745,2020-07-18,ACTIVE,2016 Aurora Cup,1838.0,2028.0,2016-01-15,2016-01-16
1369,Nathan,To,122939,221939,"Palatine, IL",,2005,2024-07-07,1377,2021-10-16,ACTIVE,2020 Aurora Cup,1075.0,1290.0,2020-01-17,2020-01-17
1369,Nathan,To,122939,221939,"Palatine, IL",,2005,2024-07-07,1377,2021-10-16,ACTIVE,2019 Aurora Cup,456.0,462.0,2019-01-18,2019-01-18
1399,Jerry ( Xuesong ),Lou,102602,201602,"Aurora, IL",Fox Valley Table Tennis Club,1999,2023-11-26,1893,2017-05-31,ACTIVE,2020 Aurora Cup,1968.0,1972.0,2020-01-17,2020-01-17
1399,Jerry ( Xuesong ),Lou,102602,201602,"Aurora, IL",Fox Valley Table Tennis Club,1999,2023-11-26,1893,2017-05-31,ACTIVE,2019 Aurora Cup,1972.0,1960.0,2019-01-18,2019-01-18
1399,Jerry ( Xuesong ),Lou,102602,201602,"Aurora, IL",Fox Valley Table Tennis Club,1999,2023-11-26,1893,2017-05-31,ACTIVE,2017 Aurora Cup,1986.0,1997.0,2017-01-13,2017-01-15
1399,Jerry ( Xuesong ),Lou,102602,201602,"Aurora, IL",Fox Valley Table Tennis Club,1999,2023-11-26,1893,2017-05-31,ACTIVE,2016 Aurora Cup,0.0,1996.0,2016-01-15,2016-01-16
1408,George,Wang,8246,88125,"Naperville, IL",,1995,2024-05-05,1945,2020-01-03,ACTIVE,2020 Aurora Cup,1981.0,1971.0,2020-01-17,2020-01-17
1430,Faraz,Kasmani,3644,76326,"Euless, TX",,1991,2024-04-28,1589,2019-11-02,ACTIVE,2019 Aurora Cup,1868.0,1888.0,2019-01-18,2019-01-18
1430,Faraz,Kasmani,3644,76326,"Euless, TX",,1991,2024-04-28,1589,2019-11-02,ACTIVE,2018 Aurora Cup,1791.0,1906.0,2018-01-12,2018-01-14
1430,Faraz,Kasmani,3644,76326,"Euless, TX",,1991,2024-04-28,1589,2019-11-02,ACTIVE,2016 Aurora Cup,1778.0,1745.0,2016-01-15,2016-01-16
1448,Keigo,Yamagami,117055,216055,"Arlington Heights, IL",,1987,2023-02-19,1962,2020-08-07,ACTIVE,2020 Aurora Cup,1953.0,1955.0,2020-01-17,2020-01-17
1448,Keigo,Yamagami,117055,216055,"Arlington Heights, IL",,1987,2023-02-19,1962,2020-08-07,ACTIVE,2019 Aurora Cup,1876.0,1970.0,2019-01-18,2019-01-18
1448,Keigo,Yamagami,117055,216055,"Arlington Heights, IL",,1987,2023-02-19,1962,2020-08-07,ACTIVE,2017 Aurora Cup,0.0,1791.0,2017-01-13,2017-01-15
1452,Sixing,Zheng,102725,201725,"Brownsburg, IN",,1986,2024-08-11,1897,2024-08-26,ACTIVE,2017 Aurora Cup,1915.0,1909.0,2017-01-13,2017-01-15
1452,Sixing,Zheng,102725,201725,"Brownsburg, IN",,1986,2024-08-11,1897,2024-08-26,ACTIVE,2016 Aurora Cup,0.0,1869.0,2016-01-15,2016-01-16
1488,Arcot,Naresh,5519,81883,"Lisle, IL",Experior Table Tennis Club,1978,2024-07-07,2027,2021-10-16,ACTIVE,2020 Aurora Cup,2089.0,2052.0,2020-01-17,2020-01-17
1488,Arcot,Naresh,5519,81883,"Lisle, IL",Experior Table Tennis Club,1978,2024-07-07,2027,2021-10-16,ACTIVE,2019 Aurora Cup,2057.0,2057.0,2019-01-18,2019-01-18
1488,Arcot,Naresh,5519,81883,"Lisle, IL",Experior Table Tennis Club,1978,2024-07-07,2027,2021-10-16,ACTIVE,2018 Aurora Cup,2016.0,2020.0,2018-01-12,2018-01-14
1488,Arcot,Naresh,5519,81883,"Lisle, IL",Experior Table Tennis Club,1978,2024-07-07,2027,2021-10-16,ACTIVE,2017 Aurora Cup,1902.0,1880.0,2017-01-13,2017-01-15
1488,Arcot,Naresh,5519,81883,"Lisle, IL",Experior Table Tennis Club,1978,2024-07-07,2027,2021-10-16,ACTIVE,2015 Butterfly Aurora Cup,2019.0,2038.0,2015-01-18,
1488,Arcot,Naresh,5519,81883,"Lisle, IL",Experior Table Tennis Club,1978,2024-07-07,2027,2021-10-16,ACTIVE,2014 Butterfly Aurora Cup,1982.0,1971.0,2014-01-19,
1504,John,Chen,99570,198570,"Overland Park, KS",Kansas Table Tennis Center (KSTTC),1975,2024-07-07,1796,2016-10-08,ACTIVE,2017 Aurora Cup,2080.0,1981.0,2017-01-13,2017-01-15
1512,Craig,Osikowicz,167436,266436,"SCHAUMBURG, IL",Experior Table Tennis Club,1972,2024-07-07,1260,2021-09-25,ACTIVE,2020 Aurora Cup,1159.0,1257.0,2020-01-17,2020-01-17
1540,Daniel,Bruno,798,34526,"Oakland, CA",Alameda Table Tennis Club (ATTC),1965,2018-03-02,1800,2016-01-30,ACTIVE,2016 Aurora Cup,1972.0,1965.0,2016-01-15,2016-01-16
1543,Lowell,Reyes,6502,95546,"Mundelein, IL",,1965,2024-02-04,0,,ACTIVE,2015 Butterfly Aurora Cup,0.0,2002.0,2015-01-18,
1548,Gideon,Teitel,7715,75508,"New York, NY",King Pong in Soho,1964,2020-10-25,2160,2020-02-28,ACTIVE,2018 Aurora Cup,1932.0,1936.0,2018-01-12,2018-01-14
1571,Yanko,I Stoykov,47785,85762,"Mt Prospect, IL",,1959,2024-07-07,1759,2020-08-07,ACTIVE,2019 Aurora Cup,1776.0,1739.0,2019-01-18,2019-01-18
1571,Yanko,I Stoykov,47785,85762,"Mt Prospect, IL",,1959,2024-07-07,1759,2020-08-07,ACTIVE,2018 Aurora Cup,1770.0,1770.0,2018-01-12,2018-01-14
1571,Yanko,I Stoykov,47785,85762,"Mt Prospect, IL",,1959,2024-07-07,1759,2020-08-07,ACTIVE,2017 Aurora Cup,1782.0,1770.0,2017-01-13,2017-01-15
1577,Faizaan,Shaikh,151192,250192,"Springfield, IL",,1958,2024-07-07,0,,ACTIVE,2020 Aurora Cup,1751.0,1706.0,2020-01-17,2020-01-17
1584,Akash,Tembe,7719,89690,"Plymouth, MN",Table Tennis Minnesota,1956,2023-10-29,748,2013-03-30,ACTIVE,2020 Aurora Cup,2017.0,2032.0,2020-01-17,2020-01-17
1584,Akash,Tembe,7719,89690,"Plymouth, MN",Table Tennis Minnesota,1956,2023-10-29,748,2013-03-30,ACTIVE,2019 Aurora Cup,1839.0,1879.0,2019-01-18,2019-01-18
1589,Everton,Wilson II,53058,84792,"St. Charles, MO",,1955,2024-07-06,0,,ACTIVE,2014 Butterfly Aurora Cup,1980.0,1908.0,2014-01-19,
1610,Kairong,Liu,33118,69637,"Eagan, MN",,1952,2024-05-05,1993,2019-08-24,ACTIVE,2017 Aurora Cup,2039.0,2022.0,2017-01-13,2017-01-15
1610,Kairong,Liu,33118,69637,"Eagan, MN",,1952,2024-05-05,1993,2019-08-24,ACTIVE,2014 Butterfly Aurora Cup,1986.0,1980.0,2014-01-19,
1613,Sam,Kim,3783,91329,"Wheeling, IL",,1952,2024-07-07,0,,ACTIVE,2015 Butterfly Aurora Cup,1617.0,1631.0,2015-01-18,
1613,Sam,Kim,3783,91329,"Wheeling, IL",,1952,2024-07-07,0,,ACTIVE,2014 Butterfly Aurora Cup,977.0,1107.0,2014-01-19,
1637,Tyler,Li,4457,90608,"Fort Wayne, IN",,1948,2024-03-17,0,,ACTIVE,2018 Aurora Cup,1656.0,1675.0,2018-01-12,2018-01-14
1655,Alex,Pham,40622,26105,"Minneapolis, MN",,1945,2024-07-07,1809,2013-04-18,ACTIVE,2017 Aurora Cup,1888.0,1885.0,2017-01-13,2017-01-15
1660,Mauricio,Higuera,3005,92041,"Schaumburg, IL",Schaumburg Table Tennis Club,1944,2024-05-05,1816,2020-08-07,ACTIVE,2020 Aurora Cup,1790.0,1810.0,2020-01-17,2020-01-17
1660,Mauricio,Higuera,3005,92041,"Schaumburg, IL",Schaumburg Table Tennis Club,1944,2024-05-05,1816,2020-08-07,ACTIVE,2019 Aurora Cup,1681.0,1675.0,2019-01-18,2019-01-18
1660,Mauricio,Higuera,3005,92041,"Schaumburg, IL",Schaumburg Table Tennis Club,1944,2024-05-05,1816,2020-08-07,ACTIVE,2018 Aurora Cup,1632.0,1623.0,2018-01-12,2018-01-14
1660,Mauricio,Higuera,3005,92041,"Schaumburg, IL",Schaumburg Table Tennis Club,1944,2024-05-05,1816,2020-08-07,ACTIVE,2016 Aurora Cup,1408.0,1388.0,2016-01-15,2016-01-16
1660,Mauricio,Higuera,3005,92041,"Schaumburg, IL",Schaumburg Table Tennis Club,1944,2024-05-05,1816,2020-08-07,ACTIVE,2014 Butterfly Aurora Cup,597.0,624.0,2014-01-19,
1661,Scott,Barone,452,60127,"Davison, MI",Michigan Table Tennis Academy,1944,2024-02-25,1952,2014-06-14,ACTIVE,2016 Aurora Cup,2019.0,2042.0,2016-01-15,2016-01-16
1698,Omprakash,Kuppurajah,30323,30868,"NAPERVILLE, IL",,1936,2024-04-21,0,,ACTIVE,2020 Aurora Cup,1904.0,1861.0,2020-01-17,2020-01-17
1698,Omprakash,Kuppurajah,30323,30868,"NAPERVILLE, IL",,1936,2024-04-21,0,,ACTIVE,2017 Aurora Cup,1901.0,1917.0,2017-01-13,2017-01-15
1711,Patrick,Engel,19861,86114,"Zionsville, IN",IndyPong TTC,1934,2024-05-05,1807,2024-03-04,ACTIVE,2019 Aurora Cup,1747.0,1731.0,2019-01-18,2019-01-18
1711,Patrick,Engel,19861,86114,"Zionsville, IN",IndyPong TTC,1934,2024-05-05,1807,2024-03-04,ACTIVE,2017 Aurora Cup,1641.0,1600.0,2017-01-13,2017-01-15
1733,Lin,Ke,28638,95530,"LISLE, IL",,1931,2024-07-07,1755,2019-12-13,ACTIVE,2015 Butterfly Aurora Cup,0.0,1801.0,2015-01-18,
1777,Ken,Oh,5785,31080,"Mt Prospect, IL",,1922,2018-03-02,1874,2014-12-21,ACTIVE,2015 Butterfly Aurora Cup,1932.0,1940.0,2015-01-18,
1777,Ken,Oh,5785,31080,"Mt Prospect, IL",,1922,2018-03-02,1874,2014-12-21,ACTIVE,2014 Butterfly Aurora Cup,1848.0,1905.0,2014-01-19,
1779,Beta,Shen,121289,220289,Novi,,1922,2024-05-05,0,,ACTIVE,2020 Aurora Cup,1466.0,1509.0,2020-01-17,2020-01-17
1779,Beta,Shen,121289,220289,Novi,,1922,2024-05-05,0,,ACTIVE,2019 Aurora Cup,1378.0,1490.0,2019-01-18,2019-01-18
1779,Beta,Shen,121289,220289,Novi,,1922,2024-05-05,0,,ACTIVE,2018 Aurora Cup,1010.0,1037.0,2018-01-12,2018-01-14
1782,Harrison,Ngo,5606,89471,"Gallatin, TN",Smash nGo Table Tennis,1922,2024-02-25,1783,2015-08-25,ACTIVE,2014 Butterfly Aurora Cup,1751.0,1655.0,2014-01-19,
1813,Zachary,Moy,5429,77490,"Schaumburg, IL",Schaumburg Table Tennis Club,1916,2024-06-02,0,,ACTIVE,2014 Butterfly Aurora Cup,1746.0,1753.0,2014-01-19,
1832,Leslaw,Hakalo,124119,223119,Palatine,,1913,2024-05-05,1742,2019-03-08,ACTIVE,2019 Aurora Cup,1658.0,1662.0,2019-01-18,2019-01-18
1905,Weimin,He,113250,212250,"Plover, WI",,1902,2024-08-11,0,,ACTIVE,2019 Aurora Cup,1872.0,1863.0,2019-01-18,2019-01-18
1936,Tim,Mcgrane,5121,79186,"Anoka, MN",,1898,2024-02-25,1821,2014-09-06,ACTIVE,2016 Aurora Cup,1813.0,1813.0,2016-01-15,2016-01-16
1946,John,Schlegel,6852,16171,"Hartford, WI",Milwaukee Table Tennis Club,1897,2024-05-18,0,,ACTIVE,2018 Aurora Cup,1938.0,1954.0,2018-01-12,2018-01-14
2028,Rohit,Kalra,131575,230575,"Indianapolis, IN",IndyPong TTC,1884,2024-02-25,1919,2024-02-19,ACTIVE,2020 Aurora Cup,1593.0,1610.0,2020-01-17,2020-01-17
2069,Matthias,Stender,7416,91336,"Phoenix, AZ",Fox Valley Table Tennis Club,1878,2019-09-29,1865,2015-11-16,ACTIVE,2014 Butterfly Aurora Cup,1913.0,1892.0,2014-01-19,
2087,Yokutkhon,Metinova,115943,214943,"Minneapolis, MN",Table Tennis Minnesota,1875,2023-11-04,0,,ACTIVE,2020 Aurora Cup,1996.0,1956.0,2020-01-17,2020-01-17
2096,Jamy,Sneeden,117254,216254,"Shorewood Wi, MN",,1872,2024-08-04,0,,ACTIVE,2020 Aurora Cup,1789.0,1765.0,2020-01-17,2020-01-17
2103,Tim,Stoyanov,166072,265072,Park Ridge,,1872,2024-05-05,1418,2020-07-24,ACTIVE,2020 Aurora Cup,1264.0,1269.0,2020-01-17,2020-01-17
2108,Victor,Imbo,3325,84717,"Saint Paul, MN",,1872,2023-09-04,1650,2024-08-25,ACTIVE,2019 Aurora Cup,2013.0,1984.0,2019-01-18,2019-01-18
2112,Jake,Arciniega,228,75277,"Chicago, IL",Net and Paddle Club,1871,2023-10-29,0,,ACTIVE,2019 Aurora Cup,1903.0,1873.0,2019-01-18,2019-01-18
2112,Jake,Arciniega,228,75277,"Chicago, IL",Net and Paddle Club,1871,2023-10-29,0,,ACTIVE,2018 Aurora Cup,1977.0,1951.0,2018-01-12,2018-01-14
2128,Christos,Dousmanis,1824,77153,"Harwood Heights, IL",Chicago Table Tennis Club - Wheeling Park District Branch ,1868,2024-05-05,0,,ACTIVE,2014 Butterfly Aurora Cup,2009.0,1999.0,2014-01-19,
2169,Steve,Gonzales,2527,54676,"Mason, MI",Greater Michigan Table Tennis Organization,1862,2023-11-19,1949,2013-08-31,ACTIVE,2020 Aurora Cup,1824.0,1999.0,2020-01-17,2020-01-17
2169,Steve,Gonzales,2527,54676,"Mason, MI",Greater Michigan Table Tennis Organization,1862,2023-11-19,1949,2013-08-31,ACTIVE,2019 Aurora Cup,1901.0,1859.0,2019-01-18,2019-01-18
2169,Steve,Gonzales,2527,54676,"Mason, MI",Greater Michigan Table Tennis Organization,1862,2023-11-19,1949,2013-08-31,ACTIVE,2016 Aurora Cup,1812.0,1852.0,2016-01-15,2016-01-16
2175,Marc,Villanueva,8134,28463,"Chicago, IL",,1861,2023-10-29,1970,2017-08-18,ACTIVE,2020 Aurora Cup,1906.0,1896.0,2020-01-17,2020-01-17
2175,Marc,Villanueva,8134,28463,"Chicago, IL",,1861,2023-10-29,1970,2017-08-18,ACTIVE,2019 Aurora Cup,1973.0,1966.0,2019-01-18,2019-01-18
2175,Marc,Villanueva,8134,28463,"Chicago, IL",,1861,2023-10-29,1970,2017-08-18,ACTIVE,2018 Aurora Cup,2020.0,1981.0,2018-01-12,2018-01-14
2175,Marc,Villanueva,8134,28463,"Chicago, IL",,1861,2023-10-29,1970,2017-08-18,ACTIVE,2017 Aurora Cup,1985.0,1961.0,2017-01-13,2017-01-15
2175,Marc,Villanueva,8134,28463,"Chicago, IL",,1861,2023-10-29,1970,2017-08-18,ACTIVE,2016 Aurora Cup,1964.0,1943.0,2016-01-15,2016-01-16
2175,Marc,Villanueva,8134,28463,"Chicago, IL",,1861,2023-10-29,1970,2017-08-18,ACTIVE,2015 Butterfly Aurora Cup,1965.0,1958.0,2015-01-18,
2175,Marc,Villanueva,8134,28463,"Chicago, IL",,1861,2023-10-29,1970,2017-08-18,ACTIVE,2014 Butterfly Aurora Cup,1884.0,1897.0,2014-01-19,
2233,Maziar,Mohammadi,5345,17161,"Denver, CO",DenverPong,1850,2024-07-07,1866,2015-08-27,ACTIVE,2020 Aurora Cup,1690.0,1826.0,2020-01-17,2020-01-17
2243,Dylan,Garland,2367,94669,"Imperial, MO",St. Louis Table Tennis Club,1848,2024-02-25,1825,2018-08-31,ACTIVE,2019 Aurora Cup,1917.0,2040.0,2019-01-18,2019-01-18
2243,Dylan,Garland,2367,94669,"Imperial, MO",St. Louis Table Tennis Club,1848,2024-02-25,1825,2018-08-31,ACTIVE,2018 Aurora Cup,1888.0,1936.0,2018-01-12,2018-01-14
2243,Dylan,Garland,2367,94669,"Imperial, MO",St. Louis Table Tennis Club,1848,2024-02-25,1825,2018-08-31,ACTIVE,2017 Aurora Cup,1860.0,1836.0,2017-01-13,2017-01-15
2243,Dylan,Garland,2367,94669,"Imperial, MO",St. Louis Table Tennis Club,1848,2024-02-25,1825,2018-08-31,ACTIVE,2015 Butterfly Aurora Cup,1650.0,1494.0,2015-01-18,
2249,Brian,Ngeunjuntr,5603,94254,"Willowbrook, IL",Experior Table Tennis Club,1848,2024-07-07,1786,2020-02-29,ACTIVE,2020 Aurora Cup,1959.0,1935.0,2020-01-17,2020-01-17
2249,Brian,Ngeunjuntr,5603,94254,"Willowbrook, IL",Experior Table Tennis Club,1848,2024-07-07,1786,2020-02-29,ACTIVE,2019 Aurora Cup,1733.0,1667.0,2019-01-18,2019-01-18
2249,Brian,Ngeunjuntr,5603,94254,"Willowbrook, IL",Experior Table Tennis Club,1848,2024-07-07,1786,2020-02-29,ACTIVE,2018 Aurora Cup,1686.0,1651.0,2018-01-12,2018-01-14
2249,Brian,Ngeunjuntr,5603,94254,"Willowbrook, IL",Experior Table Tennis Club,1848,2024-07-07,1786,2020-02-29,ACTIVE,2017 Aurora Cup,1180.0,1203.0,2017-01-13,2017-01-15
2249,Brian,Ngeunjuntr,5603,94254,"Willowbrook, IL",Experior Table Tennis Club,1848,2024-07-07,1786,2020-02-29,ACTIVE,2016 Aurora Cup,679.0,697.0,2016-01-15,2016-01-16
2249,Brian,Ngeunjuntr,5603,94254,"Willowbrook, IL",Experior Table Tennis Club,1848,2024-07-07,1786,2020-02-29,ACTIVE,2015 Butterfly Aurora Cup,435.0,694.0,2015-01-18,
2254,Yat To,Yeung,116064,215064,"Ann Arbor, MI",,1847,2024-08-25,0,,ACTIVE,2018 Aurora Cup,1931.0,1931.0,2018-01-12,2018-01-14
2254,Yat To,Yeung,116064,215064,"Ann Arbor, MI",,1847,2024-08-25,0,,ACTIVE,2017 Aurora Cup,1769.0,1938.0,2017-01-13,2017-01-15
2291,Pawel,Zych,9194,95553,"Itasca, IL",,1842,2024-04-21,1778,2020-03-06,ACTIVE,2020 Aurora Cup,1805.0,1842.0,2020-01-17,2020-01-17
2291,Pawel,Zych,9194,95553,"Itasca, IL",,1842,2024-04-21,1778,2020-03-06,ACTIVE,2019 Aurora Cup,1811.0,1805.0,2019-01-18,2019-01-18
2291,Pawel,Zych,9194,95553,"Itasca, IL",,1842,2024-04-21,1778,2020-03-06,ACTIVE,2018 Aurora Cup,1728.0,1761.0,2018-01-12,2018-01-14
2291,Pawel,Zych,9194,95553,"Itasca, IL",,1842,2024-04-21,1778,2020-03-06,ACTIVE,2017 Aurora Cup,1685.0,1696.0,2017-01-13,2017-01-15
2291,Pawel,Zych,9194,95553,"Itasca, IL",,1842,2024-04-21,1778,2020-03-06,ACTIVE,2016 Aurora Cup,1535.0,1542.0,2016-01-15,2016-01-16
2291,Pawel,Zych,9194,95553,"Itasca, IL",,1842,2024-04-21,1778,2020-03-06,ACTIVE,2015 Butterfly Aurora Cup,0.0,1432.0,2015-01-18,
2292,Maruf,Monwar,5377,87993,"Plymouth, MI",Greater Michigan Table Tennis Organization,1841,2024-07-27,1899,2022-12-10,ACTIVE,2019 Aurora Cup,1897.0,1794.0,2019-01-18,2019-01-18
2292,Maruf,Monwar,5377,87993,"Plymouth, MI",Greater Michigan Table Tennis Organization,1841,2024-07-27,1899,2022-12-10,ACTIVE,2018 Aurora Cup,1865.0,1903.0,2018-01-12,2018-01-14
2304,Sirat,Mokha,113242,212242,"Brookfield, WI",,1840,2024-05-18,1645,2020-07-18,ACTIVE,2020 Aurora Cup,1739.0,1892.0,2020-01-17,2020-01-17
2340,Todd,Kany,169477,1169477,plainfield,,1834,2024-07-07,0,,ACTIVE,2020 Aurora Cup,0.0,1990.0,2020-01-17,2020-01-17
2352,Eric,To,120359,219359,"Palatine, IL",,1832,2024-05-05,1390,2021-10-16,ACTIVE,2020 Aurora Cup,1731.0,1720.0,2020-01-17,2020-01-17
2352,Eric,To,120359,219359,"Palatine, IL",,1832,2024-05-05,1390,2021-10-16,ACTIVE,2019 Aurora Cup,1358.0,1350.0,2019-01-18,2019-01-18
2354,Yanheng,Li,4469,95534,"Madison, WI",,1832,2018-10-28,0,,ACTIVE,2015 Butterfly Aurora Cup,0.0,1736.0,2015-01-18,
2417,Aurimas,Zemaitaitis,117168,216168,Lisle,,1822,2024-07-07,1751,2020-08-07,ACTIVE,2019 Aurora Cup,1735.0,1736.0,2019-01-18,2019-01-18
2417,Aurimas,Zemaitaitis,117168,216168,Lisle,,1822,2024-07-07,1751,2020-08-07,ACTIVE,2018 Aurora Cup,1725.0,1720.0,2018-01-12,2018-01-14
2469,John,Oros,5838,53699,"Moline, IL",,1815,2019-05-25,0,,ACTIVE,2017 Aurora Cup,1829.0,1767.0,2017-01-13,2017-01-15
2469,John,Oros,5838,53699,"Moline, IL",,1815,2019-05-25,0,,ACTIVE,2015 Butterfly Aurora Cup,1795.0,1770.0,2015-01-18,
2474,Aswin,Kumar,104011,203011,"Katy, TX",Houston International Table Tennis Academy (HITTA),1814,2024-05-12,1953,2024-08-03,ACTIVE,2020 Aurora Cup,1861.0,1857.0,2020-01-17,2020-01-17
2483,Matt,Stockham,70907,16168,"Lake Barrington, IL",Schaumburg Table Tennis Club,1814,2024-05-05,0,,ACTIVE,2020 Aurora Cup,1635.0,1631.0,2020-01-17,2020-01-17
2483,Matt,Stockham,70907,16168,"Lake Barrington, IL",Schaumburg Table Tennis Club,1814,2024-05-05,0,,ACTIVE,2018 Aurora Cup,1756.0,1793.0,2018-01-12,2018-01-14
2483,Matt,Stockham,70907,16168,"Lake Barrington, IL",Schaumburg Table Tennis Club,1814,2024-05-05,0,,ACTIVE,2017 Aurora Cup,1537.0,1731.0,2017-01-13,2017-01-15
2484,Jedidiah,Chung,1351,91189,"Chicago, IA",,1813,2024-02-04,1697,2017-03-06,ACTIVE,2017 Aurora Cup,1749.0,1731.0,2017-01-13,2017-01-15
2484,Jedidiah,Chung,1351,91189,"Chicago, IA",,1813,2024-02-04,1697,2017-03-06,ACTIVE,2016 Aurora Cup,1673.0,1673.0,2016-01-15,2016-01-16
2484,Jedidiah,Chung,1351,91189,"Chicago, IA",,1813,2024-02-04,1697,2017-03-06,ACTIVE,2015 Butterfly Aurora Cup,1317.0,1520.0,2015-01-18,
2484,Jedidiah,Chung,1351,91189,"Chicago, IA",,1813,2024-02-04,1697,2017-03-06,ACTIVE,2014 Butterfly Aurora Cup,1280.0,1317.0,2014-01-19,
2520,Anujay,Gupta,131859,230859,"Schaumburg, IL",Schaumburg Table Tennis Club,1808,2020-01-17,1763,2020-02-29,ACTIVE,2020 Aurora Cup,1772.0,1808.0,2020-01-17,2020-01-17
2524,Tay,Nguyen,5662,83113,"Brownsburg, IN",IndyPong TTC,1807,2024-08-11,1726,2023-08-28,ACTIVE,2020 Aurora Cup,1726.0,1824.0,2020-01-17,2020-01-17
2524,Tay,Nguyen,5662,83113,"Brownsburg, IN",IndyPong TTC,1807,2024-08-11,1726,2023-08-28,ACTIVE,2016 Aurora Cup,1688.0,1682.0,2016-01-15,2016-01-16
2524,Tay,Nguyen,5662,83113,"Brownsburg, IN",IndyPong TTC,1807,2024-08-11,1726,2023-08-28,ACTIVE,2015 Butterfly Aurora Cup,1636.0,1604.0,2015-01-18,
2559,Wesley,Wu,103372,202372,"Naperville, IL",,1803,2024-07-28,1728,2024-07-12,ACTIVE,2020 Aurora Cup,1273.0,1260.0,2020-01-17,2020-01-17
2559,Wesley,Wu,103372,202372,"Naperville, IL",,1803,2024-07-28,1728,2024-07-12,ACTIVE,2019 Aurora Cup,1176.0,1210.0,2019-01-18,2019-01-18
2559,Wesley,Wu,103372,202372,"Naperville, IL",,1803,2024-07-28,1728,2024-07-12,ACTIVE,2018 Aurora Cup,418.0,463.0,2018-01-12,2018-01-14
2650,Ron,Leung,4355,90673,"Warren, MI",,1791,2023-10-07,0,,ACTIVE,2016 Aurora Cup,1786.0,1772.0,2016-01-15,2016-01-16
2659,Gerry,Miller,36293,64643,"Ramsey, MN",,1791,2023-05-28,0,,ACTIVE,2020 Aurora Cup,1755.0,1932.0,2020-01-17,2020-01-17
2684,Matt,Gandy,21604,91580,"Kingsport, TN",Bristol Sportsplex,1787,2021-07-24,1787,2024-04-01,ACTIVE,2019 Aurora Cup,1730.0,1786.0,2019-01-18,2019-01-18
2698,Marijo,Letic,4345,89348,"EASTLAKE, OH",Tri-County Table Tennis Club,1785,2024-04-14,0,,ACTIVE,2016 Aurora Cup,1888.0,1908.0,2016-01-15,2016-01-16
2698,Marijo,Letic,4345,89348,"EASTLAKE, OH",Tri-County Table Tennis Club,1785,2024-04-14,0,,ACTIVE,2015 Butterfly Aurora Cup,1873.0,1860.0,2015-01-18,
2701,Nabil,Shehadeh,7022,65534,"Palatine, IL",Experior Table Tennis Club,1784,2024-05-05,1670,2020-08-07,ACTIVE,2020 Aurora Cup,1744.0,1726.0,2020-01-17,2020-01-17
2701,Nabil,Shehadeh,7022,65534,"Palatine, IL",Experior Table Tennis Club,1784,2024-05-05,1670,2020-08-07,ACTIVE,2017 Aurora Cup,1798.0,1782.0,2017-01-13,2017-01-15
2701,Nabil,Shehadeh,7022,65534,"Palatine, IL",Experior Table Tennis Club,1784,2024-05-05,1670,2020-08-07,ACTIVE,2015 Butterfly Aurora Cup,1815.0,1806.0,2015-01-18,
2742,Tat Wai,Chu,16256,71632,"Lawrence, KS",Kansas City Table Tennis,1778,2024-08-11,1749,2019-01-20,ACTIVE,2017 Aurora Cup,1855.0,1858.0,2017-01-13,2017-01-15
2744,Erdenebileg,Myagmarsuren,2000,88653,"Buffalo Grove, IL",Chicago Table Tennis Club - Wheeling Park District Branch ,1778,2022-10-30,1952,2017-05-21,ACTIVE,2017 Aurora Cup,1792.0,1886.0,2017-01-13,2017-01-15
2744,Erdenebileg,Myagmarsuren,2000,88653,"Buffalo Grove, IL",Chicago Table Tennis Club - Wheeling Park District Branch ,1778,2022-10-30,1952,2017-05-21,ACTIVE,2016 Aurora Cup,1588.0,1588.0,2016-01-15,2016-01-16
2744,Erdenebileg,Myagmarsuren,2000,88653,"Buffalo Grove, IL",Chicago Table Tennis Club - Wheeling Park District Branch ,1778,2022-10-30,1952,2017-05-21,ACTIVE,2015 Butterfly Aurora Cup,1511.0,1556.0,2015-01-18,
2744,Erdenebileg,Myagmarsuren,2000,88653,"Buffalo Grove, IL",Chicago Table Tennis Club - Wheeling Park District Branch ,1778,2022-10-30,1952,2017-05-21,ACTIVE,2014 Butterfly Aurora Cup,1413.0,1404.0,2014-01-19,
2782,Mushahid,Raza,124802,223802,"Canton, MI",,1772,2024-05-19,0,,ACTIVE,2019 Aurora Cup,1746.0,1793.0,2019-01-18,2019-01-18
2933,Hong-Zhong,Zhang,9014,10140,"Foster City, CA",,1749,2024-09-02,1911,2023-10-01,ACTIVE,2015 Butterfly Aurora Cup,2034.0,2056.0,2015-01-18,
2953,Brandon,Mccalley,5092,86472,"Cedar Rapids, IA",Cedar Rapids Table Tennis Club,1746,2024-07-07,1741,2017-02-27,ACTIVE,2017 Aurora Cup,1752.0,1738.0,2017-01-13,2017-01-15
2953,Brandon,Mccalley,5092,86472,"Cedar Rapids, IA",Cedar Rapids Table Tennis Club,1746,2024-07-07,1741,2017-02-27,ACTIVE,2015 Butterfly Aurora Cup,1629.0,1608.0,2015-01-18,
2953,Brandon,Mccalley,5092,86472,"Cedar Rapids, IA",Cedar Rapids Table Tennis Club,1746,2024-07-07,1741,2017-02-27,ACTIVE,2014 Butterfly Aurora Cup,1548.0,1548.0,2014-01-19,
2960,Max,Ivry,118727,217727,"Madison, WI",Madison Table Tennis Club,1745,2024-08-11,0,,ACTIVE,2020 Aurora Cup,1690.0,1667.0,2020-01-17,2020-01-17
2964,Jeffrey,Strawn,7460,78386,"Litchfield, OH",Strongsville Table Tennis,1743,2022-11-12,1843,2020-11-10,ACTIVE,2016 Aurora Cup,1592.0,1636.0,2016-01-15,2016-01-16
3069,Roger,Dickson,1741,57866,"Portland, TN",Newgy Table Tennis Center,1730,2024-07-07,1783,2013-01-30,ACTIVE,2014 Butterfly Aurora Cup,1609.0,1708.0,2014-01-19,
3074,Tarun,Chawla,1107,87426,"Glenview, IL",,1729,2024-07-07,0,,ACTIVE,2017 Aurora Cup,1946.0,1942.0,2017-01-13,2017-01-15
3074,Tarun,Chawla,1107,87426,"Glenview, IL",,1729,2024-07-07,0,,ACTIVE,2016 Aurora Cup,1881.0,1849.0,2016-01-15,2016-01-16
3074,Tarun,Chawla,1107,87426,"Glenview, IL",,1729,2024-07-07,0,,ACTIVE,2014 Butterfly Aurora Cup,1715.0,1752.0,2014-01-19,
3113,Doug,Wruck,8604,10604,"St Francis, WI",Milwaukee Table Tennis Club,1725,2024-02-04,0,,ACTIVE,2020 Aurora Cup,1712.0,1667.0,2020-01-17,2020-01-17
3113,Doug,Wruck,8604,10604,"St Francis, WI",Milwaukee Table Tennis Club,1725,2024-02-04,0,,ACTIVE,2018 Aurora Cup,1860.0,1826.0,2018-01-12,2018-01-14
3126,Jacob,Karras,120292,219292,Hillsboro,,1723,2024-07-07,0,,ACTIVE,2020 Aurora Cup,1611.0,1593.0,2020-01-17,2020-01-17
3170,Kevin,Li,32213,32980,"Wakefield, MA",,1716,2024-05-19,0,,ACTIVE,2019 Aurora Cup,1520.0,1762.0,2019-01-18,2019-01-18
3170,Kevin,Li,32213,32980,"Wakefield, MA",,1716,2024-05-19,0,,ACTIVE,2017 Aurora Cup,1070.0,1558.0,2017-01-13,2017-01-15
3170,Kevin,Li,32213,32980,"Wakefield, MA",,1716,2024-05-19,0,,ACTIVE,2014 Butterfly Aurora Cup,970.0,1070.0,2014-01-19,
3176,Claudia,Leow,167480,1167480,Chicago,,1714,2024-05-05,0,,ACTIVE,2020 Aurora Cup,1344.0,1342.0,2020-01-17,2020-01-17
3204,Austin,Chen,1125,96029,"Philadelphia, CA",,1710,2024-08-25,0,,ACTIVE,2018 Aurora Cup,1873.0,1872.0,2018-01-12,2018-01-14
3204,Austin,Chen,1125,96029,"Philadelphia, CA",,1710,2024-08-25,0,,ACTIVE,2017 Aurora Cup,1617.0,1656.0,2017-01-13,2017-01-15
3223,Jim,Biggs,117789,216789,"Chicago, IL",,1707,2024-07-07,1637,2020-02-29,ACTIVE,2020 Aurora Cup,1653.0,1636.0,2020-01-17,2020-01-17
3223,Jim,Biggs,117789,216789,"Chicago, IL",,1707,2024-07-07,1637,2020-02-29,ACTIVE,2019 Aurora Cup,1412.0,1347.0,2019-01-18,2019-01-18
3223,Jim,Biggs,117789,216789,"Chicago, IL",,1707,2024-07-07,1637,2020-02-29,ACTIVE,2018 Aurora Cup,870.0,1029.0,2018-01-12,2018-01-14
3245,Peter,Gaidarev,2307,92458,"Charlestown, MA",Boston Table Tennis Center,1704,2024-08-25,1887,2020-03-10,ACTIVE,2020 Aurora Cup,1838.0,1818.0,2020-01-17,2020-01-17
3245,Peter,Gaidarev,2307,92458,"Charlestown, MA",Boston Table Tennis Center,1704,2024-08-25,1887,2020-03-10,ACTIVE,2019 Aurora Cup,1911.0,1884.0,2019-01-18,2019-01-18
3245,Peter,Gaidarev,2307,92458,"Charlestown, MA",Boston Table Tennis Center,1704,2024-08-25,1887,2020-03-10,ACTIVE,2018 Aurora Cup,1777.0,1764.0,2018-01-12,2018-01-14
3245,Peter,Gaidarev,2307,92458,"Charlestown, MA",Boston Table Tennis Center,1704,2024-08-25,1887,2020-03-10,ACTIVE,2017 Aurora Cup,1763.0,1759.0,2017-01-13,2017-01-15
3245,Peter,Gaidarev,2307,92458,"Charlestown, MA",Boston Table Tennis Center,1704,2024-08-25,1887,2020-03-10,ACTIVE,2015 Butterfly Aurora Cup,1390.0,1433.0,2015-01-18,
3262,Dean,Yeotis,8855,11340,"Flint, MI",Davison Athletic Club,1702,2024-05-05,0,,ACTIVE,2019 Aurora Cup,1811.0,1834.0,2019-01-18,2019-01-18
3269,Roman,Zilberman,9170,23685,"Oak Park, MI",,1701,2024-04-20,0,,ACTIVE,2020 Aurora Cup,1718.0,1706.0,2020-01-17,2020-01-17
3269,Roman,Zilberman,9170,23685,"Oak Park, MI",,1701,2024-04-20,0,,ACTIVE,2018 Aurora Cup,1692.0,1642.0,2018-01-12,2018-01-14
3269,Roman,Zilberman,9170,23685,"Oak Park, MI",,1701,2024-04-20,0,,ACTIVE,2017 Aurora Cup,1676.0,1618.0,2017-01-13,2017-01-15
3317,J. Bryant,Evans,2033,63594,"Urbana, IL",Champaign County Table Tennis Club (CCTTC),1694,2023-12-02,0,,ACTIVE,2020 Aurora Cup,1729.0,1720.0,2020-01-17,2020-01-17
3356,Teddy,Abesamis,9279,65832,"Canton, MI",,1688,2024-04-20,0,,ACTIVE,2018 Aurora Cup,1706.0,1713.0,2018-01-12,2018-01-14
3356,Teddy,Abesamis,9279,65832,"Canton, MI",,1688,2024-04-20,0,,ACTIVE,2017 Aurora Cup,1702.0,1718.0,2017-01-13,2017-01-15
3356,Teddy,Abesamis,9279,65832,"Canton, MI",,1688,2024-04-20,0,,ACTIVE,2016 Aurora Cup,1747.0,1692.0,2016-01-15,2016-01-16
3356,Teddy,Abesamis,9279,65832,"Canton, MI",,1688,2024-04-20,0,,ACTIVE,2015 Butterfly Aurora Cup,1757.0,1747.0,2015-01-18,
3364,Kyle,Mikota,36216,94521,"Morton Grove, IL",,1687,2024-06-02,1776,2018-08-31,ACTIVE,2020 Aurora Cup,1781.0,1775.0,2020-01-17,2020-01-17
3364,Kyle,Mikota,36216,94521,"Morton Grove, IL",,1687,2024-06-02,1776,2018-08-31,ACTIVE,2018 Aurora Cup,1480.0,1566.0,2018-01-12,2018-01-14
3364,Kyle,Mikota,36216,94521,"Morton Grove, IL",,1687,2024-06-02,1776,2018-08-31,ACTIVE,2016 Aurora Cup,1306.0,1263.0,2016-01-15,2016-01-16
3364,Kyle,Mikota,36216,94521,"Morton Grove, IL",,1687,2024-06-02,1776,2018-08-31,ACTIVE,2015 Butterfly Aurora Cup,460.0,485.0,2015-01-18,
3367,Edward,Hogshead,3082,6727,"Rockford, IL",,1686,2018-03-02,0,,ACTIVE,2018 Aurora Cup,1712.0,1686.0,2018-01-12,2018-01-14
3444,Ferit,Akova,115933,214933,"South Bend, IN",,1676,2024-05-05,0,,ACTIVE,2020 Aurora Cup,1571.0,1607.0,2020-01-17,2020-01-17
3444,Ferit,Akova,115933,214933,"South Bend, IN",,1676,2024-05-05,0,,ACTIVE,2018 Aurora Cup,1634.0,1596.0,2018-01-12,2018-01-14
3497,Bruce,Harris,2837,51837,"Knoxville, TN",Knoxville Table Tennis Club,1667,2024-07-20,0,,ACTIVE,2015 Butterfly Aurora Cup,1745.0,1798.0,2015-01-18,
3531,Andrey,Ugolkov,117038,216038,"Vernon Hills, IL",Experior Table Tennis Club,1662,2024-07-07,1600,2017-01-28,ACTIVE,2018 Aurora Cup,1500.0,1632.0,2018-01-12,2018-01-14
3583,Mark,Hoffman,25367,24438,"Elmwood Park, IL",Weber Table Tennis Club,1656,2024-08-11,1470,2013-02-09,ACTIVE,2020 Aurora Cup,1664.0,1657.0,2020-01-17,2020-01-17
3583,Mark,Hoffman,25367,24438,"Elmwood Park, IL",Weber Table Tennis Club,1656,2024-08-11,1470,2013-02-09,ACTIVE,2019 Aurora Cup,1709.0,1702.0,2019-01-18,2019-01-18
3583,Mark,Hoffman,25367,24438,"Elmwood Park, IL",Weber Table Tennis Club,1656,2024-08-11,1470,2013-02-09,ACTIVE,2018 Aurora Cup,1628.0,1652.0,2018-01-12,2018-01-14
3583,Mark,Hoffman,25367,24438,"Elmwood Park, IL",Weber Table Tennis Club,1656,2024-08-11,1470,2013-02-09,ACTIVE,2014 Butterfly Aurora Cup,1503.0,1491.0,2014-01-19,
3638,David,Feerst,2095,77511,"Northfield, IL",Chicago Table Tennis Club - Wheeling Park District Branch ,1649,2024-05-05,1595,2019-03-29,ACTIVE,2020 Aurora Cup,1740.0,1749.0,2020-01-17,2020-01-17
3638,David,Feerst,2095,77511,"Northfield, IL",Chicago Table Tennis Club - Wheeling Park District Branch ,1649,2024-05-05,1595,2019-03-29,ACTIVE,2019 Aurora Cup,1927.0,1829.0,2019-01-18,2019-01-18
3638,David,Feerst,2095,77511,"Northfield, IL",Chicago Table Tennis Club - Wheeling Park District Branch ,1649,2024-05-05,1595,2019-03-29,ACTIVE,2018 Aurora Cup,1796.0,1804.0,2018-01-12,2018-01-14
3638,David,Feerst,2095,77511,"Northfield, IL",Chicago Table Tennis Club - Wheeling Park District Branch ,1649,2024-05-05,1595,2019-03-29,ACTIVE,2016 Aurora Cup,1954.0,1916.0,2016-01-15,2016-01-16
3638,David,Feerst,2095,77511,"Northfield, IL",Chicago Table Tennis Club - Wheeling Park District Branch ,1649,2024-05-05,1595,2019-03-29,ACTIVE,2015 Butterfly Aurora Cup,1708.0,1690.0,2015-01-18,
3638,David,Feerst,2095,77511,"Northfield, IL",Chicago Table Tennis Club - Wheeling Park District Branch ,1649,2024-05-05,1595,2019-03-29,ACTIVE,2014 Butterfly Aurora Cup,1708.0,1744.0,2014-01-19,
3645,Veer,Panchal,5924,96231,"Chicago, IL",,1648,2024-05-05,0,,ACTIVE,2018 Aurora Cup,1738.0,1711.0,2018-01-12,2018-01-14
3645,Veer,Panchal,5924,96231,"Chicago, IL",,1648,2024-05-05,0,,ACTIVE,2017 Aurora Cup,899.0,1161.0,2017-01-13,2017-01-15
3665,Christopher,Chin,15821,94548,"Berkley, MI",,1646,2024-04-20,0,,ACTIVE,2018 Aurora Cup,1249.0,1360.0,2018-01-12,2018-01-14
3668,Haoran,Guan,112903,211903,"Mountain View, CA",,1645,2024-08-04,1733,2020-03-06,ACTIVE,2018 Aurora Cup,1860.0,1849.0,2018-01-12,2018-01-14
3683,Baron,Lip,115979,214979,"Highwood, IL",,1643,2024-05-05,0,,ACTIVE,2019 Aurora Cup,1630.0,1634.0,2019-01-18,2019-01-18
3715,Blake,Cottrell,1490,87424,"Macedonia, OH",,1639,2024-06-22,1860,2015-12-05,ACTIVE,2020 Aurora Cup,1881.0,1826.0,2020-01-17,2020-01-17
3715,Blake,Cottrell,1490,87424,"Macedonia, OH",,1639,2024-06-22,1860,2015-12-05,ACTIVE,2019 Aurora Cup,1732.0,1785.0,2019-01-18,2019-01-18
3715,Blake,Cottrell,1490,87424,"Macedonia, OH",,1639,2024-06-22,1860,2015-12-05,ACTIVE,2016 Aurora Cup,1751.0,1814.0,2016-01-15,2016-01-16
3715,Blake,Cottrell,1490,87424,"Macedonia, OH",,1639,2024-06-22,1860,2015-12-05,ACTIVE,2015 Butterfly Aurora Cup,1856.0,1823.0,2015-01-18,
3719,Zbigniew,Sobolak,123978,222978,Homer Glen,,1638,2020-03-08,1836,2019-02-03,ACTIVE,2020 Aurora Cup,1693.0,1693.0,2020-01-17,2020-01-17
3775,Eryk,Emilianowicz,1980,92077,"Westmont, IL",,1633,2024-02-04,1674,2020-03-06,ACTIVE,2020 Aurora Cup,1660.0,1700.0,2020-01-17,2020-01-17
3775,Eryk,Emilianowicz,1980,92077,"Westmont, IL",,1633,2024-02-04,1674,2020-03-06,ACTIVE,2019 Aurora Cup,1694.0,1660.0,2019-01-18,2019-01-18
3775,Eryk,Emilianowicz,1980,92077,"Westmont, IL",,1633,2024-02-04,1674,2020-03-06,ACTIVE,2018 Aurora Cup,1650.0,1694.0,2018-01-12,2018-01-14
3775,Eryk,Emilianowicz,1980,92077,"Westmont, IL",,1633,2024-02-04,1674,2020-03-06,ACTIVE,2017 Aurora Cup,1683.0,1672.0,2017-01-13,2017-01-15
3775,Eryk,Emilianowicz,1980,92077,"Westmont, IL",,1633,2024-02-04,1674,2020-03-06,ACTIVE,2016 Aurora Cup,1620.0,1692.0,2016-01-15,2016-01-16
3775,Eryk,Emilianowicz,1980,92077,"Westmont, IL",,1633,2024-02-04,1674,2020-03-06,ACTIVE,2015 Butterfly Aurora Cup,1478.0,1577.0,2015-01-18,
3775,Eryk,Emilianowicz,1980,92077,"Westmont, IL",,1633,2024-02-04,1674,2020-03-06,ACTIVE,2014 Butterfly Aurora Cup,1388.0,1495.0,2014-01-19,
3779,Ngai Chung,Chan,157490,1157490,"Chicago, IL",Chislam TTC,1632,2024-07-07,0,,ACTIVE,2020 Aurora Cup,1102.0,1102.0,2020-01-17,2020-01-17
3779,Ngai Chung,Chan,157490,1157490,"Chicago, IL",Chislam TTC,1632,2024-07-07,0,,ACTIVE,2019 Aurora Cup,0.0,1199.0,2019-01-18,2019-01-18
3815,Asif,Rehmani,6473,92086,"Plainfield, IL",Fox Valley Table Tennis Club,1628,2024-04-21,1612,2023-05-22,ACTIVE,2020 Aurora Cup,1672.0,1663.0,2020-01-17,2020-01-17
3815,Asif,Rehmani,6473,92086,"Plainfield, IL",Fox Valley Table Tennis Club,1628,2024-04-21,1612,2023-05-22,ACTIVE,2019 Aurora Cup,1466.0,1408.0,2019-01-18,2019-01-18
3815,Asif,Rehmani,6473,92086,"Plainfield, IL",Fox Valley Table Tennis Club,1628,2024-04-21,1612,2023-05-22,ACTIVE,2017 Aurora Cup,1450.0,1466.0,2017-01-13,2017-01-15
3815,Asif,Rehmani,6473,92086,"Plainfield, IL",Fox Valley Table Tennis Club,1628,2024-04-21,1612,2023-05-22,ACTIVE,2016 Aurora Cup,1449.0,1413.0,2016-01-15,2016-01-16
3815,Asif,Rehmani,6473,92086,"Plainfield, IL",Fox Valley Table Tennis Club,1628,2024-04-21,1612,2023-05-22,ACTIVE,2015 Butterfly Aurora Cup,1392.0,1368.0,2015-01-18,
3815,Asif,Rehmani,6473,92086,"Plainfield, IL",Fox Valley Table Tennis Club,1628,2024-04-21,1612,2023-05-22,ACTIVE,2014 Butterfly Aurora Cup,1397.0,1349.0,2014-01-19,
3824,Mason,Carter,124418,223418,"Dedham, MA",,1627,2023-12-03,0,,ACTIVE,2020 Aurora Cup,1571.0,1663.0,2020-01-17,2020-01-17
3834,Mohan,Sukumaran,117039,216039,"Bolingbrook, IL",,1626,2024-07-07,1383,2019-06-14,ACTIVE,2020 Aurora Cup,1467.0,1465.0,2020-01-17,2020-01-17
3834,Mohan,Sukumaran,117039,216039,"Bolingbrook, IL",,1626,2024-07-07,1383,2019-06-14,ACTIVE,2018 Aurora Cup,664.0,663.0,2018-01-12,2018-01-14
3834,Mohan,Sukumaran,117039,216039,"Bolingbrook, IL",,1626,2024-07-07,1383,2019-06-14,ACTIVE,2017 Aurora Cup,0.0,664.0,2017-01-13,2017-01-15
3888,William,Klase,3836,88248,"Rhinelander, WI",,1619,2024-07-07,0,,ACTIVE,2019 Aurora Cup,1647.0,1645.0,2019-01-18,2019-01-18
3888,William,Klase,3836,88248,"Rhinelander, WI",,1619,2024-07-07,0,,ACTIVE,2018 Aurora Cup,1646.0,1726.0,2018-01-12,2018-01-14
3888,William,Klase,3836,88248,"Rhinelander, WI",,1619,2024-07-07,0,,ACTIVE,2017 Aurora Cup,1595.0,1607.0,2017-01-13,2017-01-15
3888,William,Klase,3836,88248,"Rhinelander, WI",,1619,2024-07-07,0,,ACTIVE,2016 Aurora Cup,1604.0,1613.0,2016-01-15,2016-01-16
3888,William,Klase,3836,88248,"Rhinelander, WI",,1619,2024-07-07,0,,ACTIVE,2015 Butterfly Aurora Cup,1565.0,1517.0,2015-01-18,
4058,Fiona,Dubina,115975,214975,"Akron, OH",,1595,2023-07-07,0,,ACTIVE,2019 Aurora Cup,518.0,512.0,2019-01-18,2019-01-18
4069,Mathew R.,Morris,5412,78557,"Schaumburg, IL",Schaumburg Table Tennis Club,1593,2024-07-07,0,,ACTIVE,2016 Aurora Cup,1696.0,1648.0,2016-01-15,2016-01-16
4069,Mathew R.,Morris,5412,78557,"Schaumburg, IL",Schaumburg Table Tennis Club,1593,2024-07-07,0,,ACTIVE,2015 Butterfly Aurora Cup,1779.0,1732.0,2015-01-18,
4077,Kyle,Moyant,37187,82256,"Carlsbad, NM",El Paso Table Tennis Club,1592,2024-07-27,0,,ACTIVE,2014 Butterfly Aurora Cup,1549.0,1525.0,2014-01-19,
4194,Jonathan,Blaza,12448,77149,"Centerville, OH",,1574,2024-05-19,0,,ACTIVE,2019 Aurora Cup,1179.0,1351.0,2019-01-18,2019-01-18
4223,Zhivko,Kuspov,168142,1168142,Park Ridge,,1569,2024-07-07,0,,ACTIVE,2020 Aurora Cup,969.0,1014.0,2020-01-17,2020-01-17
4224,Harold,Moy,5425,87538,"Rochester Hills, MI",,1568,2024-05-05,0,,ACTIVE,2016 Aurora Cup,1671.0,1595.0,2016-01-15,2016-01-16
4253,Deepak,Somarapu,7298,71146,"Frisco, TX",Schaumburg Table Tennis Club,1565,2022-10-29,0,,ACTIVE,2016 Aurora Cup,1622.0,1613.0,2016-01-15,2016-01-16
4253,Deepak,Somarapu,7298,71146,"Frisco, TX",Schaumburg Table Tennis Club,1565,2022-10-29,0,,ACTIVE,2014 Butterfly Aurora Cup,1593.0,1622.0,2014-01-19,
4274,Tony,Miller,5277,27215,"Jeffersonville, IN",Southern Indiana Table Tennis Association,1562,2023-02-05,1607,2024-08-26,ACTIVE,2016 Aurora Cup,1684.0,1701.0,2016-01-15,2016-01-16
4289,Percy,Johnson,121565,220565,Florissant,,1560,2024-07-06,1543,2024-06-10,ACTIVE,2020 Aurora Cup,1516.0,1523.0,2020-01-17,2020-01-17
4303,Ryan,Mahoney,34329,72369,"Bolingbrook, IL",,1557,2024-07-07,0,,ACTIVE,2019 Aurora Cup,1561.0,1558.0,2019-01-18,2019-01-18
4303,Ryan,Mahoney,34329,72369,"Bolingbrook, IL",,1557,2024-07-07,0,,ACTIVE,2018 Aurora Cup,1468.0,1462.0,2018-01-12,2018-01-14
4312,Lloyd,Hansen,2810,80115,"Hugo, MN",,1556,2023-11-04,1709,2013-04-18,ACTIVE,2016 Aurora Cup,1618.0,1699.0,2016-01-15,2016-01-16
4395,Peidi,Gu,23284,80849,"Lawrence, KS",,1545,2024-08-11,0,,ACTIVE,2017 Aurora Cup,1565.0,1448.0,2017-01-13,2017-01-15
4467,Roman,Petryshyn,167184,266184,Arlington Heights,,1535,2024-05-05,0,,ACTIVE,2020 Aurora Cup,1186.0,1233.0,2020-01-17,2020-01-17
4554,Chad,Dammar,1574,82170,"Ferndale, MI",,1524,2024-03-17,0,,ACTIVE,2020 Aurora Cup,1706.0,1692.0,2020-01-17,2020-01-17
4554,Chad,Dammar,1574,82170,"Ferndale, MI",,1524,2024-03-17,0,,ACTIVE,2019 Aurora Cup,1670.0,1723.0,2019-01-18,2019-01-18
4554,Chad,Dammar,1574,82170,"Ferndale, MI",,1524,2024-03-17,0,,ACTIVE,2018 Aurora Cup,1865.0,1704.0,2018-01-12,2018-01-14
4554,Chad,Dammar,1574,82170,"Ferndale, MI",,1524,2024-03-17,0,,ACTIVE,2017 Aurora Cup,1737.0,1729.0,2017-01-13,2017-01-15
4554,Chad,Dammar,1574,82170,"Ferndale, MI",,1524,2024-03-17,0,,ACTIVE,2016 Aurora Cup,1749.0,1715.0,2016-01-15,2016-01-16
4718,Shreedhar,Ranabhat,6395,95740,"Madison, WI",Madison Table Tennis Club,1503,2024-05-18,0,,ACTIVE,2020 Aurora Cup,1562.0,1518.0,2020-01-17,2020-01-17
4718,Shreedhar,Ranabhat,6395,95740,"Madison, WI",Madison Table Tennis Club,1503,2024-05-18,0,,ACTIVE,2019 Aurora Cup,1360.0,1415.0,2019-01-18,2019-01-18
4718,Shreedhar,Ranabhat,6395,95740,"Madison, WI",Madison Table Tennis Club,1503,2024-05-18,0,,ACTIVE,2018 Aurora Cup,1378.0,1383.0,2018-01-12,2018-01-14
4718,Shreedhar,Ranabhat,6395,95740,"Madison, WI",Madison Table Tennis Club,1503,2024-05-18,0,,ACTIVE,2017 Aurora Cup,1280.0,1340.0,2017-01-13,2017-01-15
4718,Shreedhar,Ranabhat,6395,95740,"Madison, WI",Madison Table Tennis Club,1503,2024-05-18,0,,ACTIVE,2016 Aurora Cup,1192.0,1184.0,2016-01-15,2016-01-16
4723,Kung,Chao,1080,94049,"Madison, WI",,1502,2024-05-18,0,,ACTIVE,2017 Aurora Cup,1201.0,1193.0,2017-01-13,2017-01-15
4723,Kung,Chao,1080,94049,"Madison, WI",,1502,2024-05-18,0,,ACTIVE,2016 Aurora Cup,1223.0,1230.0,2016-01-15,2016-01-16
4723,Kung,Chao,1080,94049,"Madison, WI",,1502,2024-05-18,0,,ACTIVE,2015 Butterfly Aurora Cup,1297.0,1259.0,2015-01-18,
4748,Daniel,Biodrowicz,117312,216312,Schaumburg,,1499,2024-05-05,0,,ACTIVE,2019 Aurora Cup,1493.0,1497.0,2019-01-18,2019-01-18
4749,Brian,Shen,122433,221433,"Queens, NY",PingPod Lower East Side,1499,2024-06-30,1648,2024-05-08,ACTIVE,2019 Aurora Cup,982.0,982.0,2019-01-18,2019-01-18
4749,Brian,Shen,122433,221433,"Queens, NY",PingPod Lower East Side,1499,2024-06-30,1648,2024-05-08,ACTIVE,2018 Aurora Cup,0.0,963.0,2018-01-12,2018-01-14
4758,Bill,Keep,3675,89029,"Crown Point, IN",South Bend Table Tennis Club,1497,2024-08-24,0,,ACTIVE,2015 Butterfly Aurora Cup,1195.0,1177.0,2015-01-18,
4907,Arsen,Gaysin,2388,90822,"Berwyn, IL",,1473,2024-07-07,1456,2019-12-07,ACTIVE,2020 Aurora Cup,1575.0,1525.0,2020-01-17,2020-01-17
4907,Arsen,Gaysin,2388,90822,"Berwyn, IL",,1473,2024-07-07,1456,2019-12-07,ACTIVE,2019 Aurora Cup,1599.0,1568.0,2019-01-18,2019-01-18
4907,Arsen,Gaysin,2388,90822,"Berwyn, IL",,1473,2024-07-07,1456,2019-12-07,ACTIVE,2018 Aurora Cup,1566.0,1561.0,2018-01-12,2018-01-14
4907,Arsen,Gaysin,2388,90822,"Berwyn, IL",,1473,2024-07-07,1456,2019-12-07,ACTIVE,2017 Aurora Cup,1566.0,1558.0,2017-01-13,2017-01-15
4907,Arsen,Gaysin,2388,90822,"Berwyn, IL",,1473,2024-07-07,1456,2019-12-07,ACTIVE,2016 Aurora Cup,1508.0,1489.0,2016-01-15,2016-01-16
4907,Arsen,Gaysin,2388,90822,"Berwyn, IL",,1473,2024-07-07,1456,2019-12-07,ACTIVE,2015 Butterfly Aurora Cup,1403.0,1390.0,2015-01-18,
4907,Arsen,Gaysin,2388,90822,"Berwyn, IL",,1473,2024-07-07,1456,2019-12-07,ACTIVE,2014 Butterfly Aurora Cup,1410.0,1373.0,2014-01-19,
5017,Shariq,Zaman,55200,93218,"Bloomington, IL",,1457,2024-07-07,0,,ACTIVE,2018 Aurora Cup,824.0,822.0,2018-01-12,2018-01-14
5017,Shariq,Zaman,55200,93218,"Bloomington, IL",,1457,2024-07-07,0,,ACTIVE,2017 Aurora Cup,823.0,824.0,2017-01-13,2017-01-15
5017,Shariq,Zaman,55200,93218,"Bloomington, IL",,1457,2024-07-07,0,,ACTIVE,2016 Aurora Cup,504.0,510.0,2016-01-15,2016-01-16
5041,Brandon,Yau,124659,223659,"Chicago, IL",Chislam TTC,1455,2024-03-17,0,,ACTIVE,2019 Aurora Cup,0.0,1688.0,2019-01-18,2019-01-18
5053,Tomasz,Szacilowski,7584,87789,"West Chicago, IL",Fox Valley Table Tennis Club,1453,2023-10-29,1449,2017-07-09,ACTIVE,2020 Aurora Cup,1478.0,1490.0,2020-01-17,2020-01-17
5053,Tomasz,Szacilowski,7584,87789,"West Chicago, IL",Fox Valley Table Tennis Club,1453,2023-10-29,1449,2017-07-09,ACTIVE,2019 Aurora Cup,1474.0,1478.0,2019-01-18,2019-01-18
5053,Tomasz,Szacilowski,7584,87789,"West Chicago, IL",Fox Valley Table Tennis Club,1453,2023-10-29,1449,2017-07-09,ACTIVE,2018 Aurora Cup,1552.0,1542.0,2018-01-12,2018-01-14
5053,Tomasz,Szacilowski,7584,87789,"West Chicago, IL",Fox Valley Table Tennis Club,1453,2023-10-29,1449,2017-07-09,ACTIVE,2017 Aurora Cup,1433.0,1439.0,2017-01-13,2017-01-15
5053,Tomasz,Szacilowski,7584,87789,"West Chicago, IL",Fox Valley Table Tennis Club,1453,2023-10-29,1449,2017-07-09,ACTIVE,2016 Aurora Cup,1424.0,1480.0,2016-01-15,2016-01-16
5053,Tomasz,Szacilowski,7584,87789,"West Chicago, IL",Fox Valley Table Tennis Club,1453,2023-10-29,1449,2017-07-09,ACTIVE,2015 Butterfly Aurora Cup,1479.0,1487.0,2015-01-18,
5053,Tomasz,Szacilowski,7584,87789,"West Chicago, IL",Fox Valley Table Tennis Club,1453,2023-10-29,1449,2017-07-09,ACTIVE,2014 Butterfly Aurora Cup,1614.0,1532.0,2014-01-19,
5080,Paul,Krynski,3975,7093,"Homer Glen, IL",Highland Table Tennis Center,1449,2024-07-07,1419,2019-02-03,ACTIVE,2020 Aurora Cup,1551.0,1553.0,2020-01-17,2020-01-17
5080,Paul,Krynski,3975,7093,"Homer Glen, IL",Highland Table Tennis Center,1449,2024-07-07,1419,2019-02-03,ACTIVE,2019 Aurora Cup,1376.0,1368.0,2019-01-18,2019-01-18
5080,Paul,Krynski,3975,7093,"Homer Glen, IL",Highland Table Tennis Center,1449,2024-07-07,1419,2019-02-03,ACTIVE,2018 Aurora Cup,1438.0,1441.0,2018-01-12,2018-01-14
5080,Paul,Krynski,3975,7093,"Homer Glen, IL",Highland Table Tennis Center,1449,2024-07-07,1419,2019-02-03,ACTIVE,2017 Aurora Cup,1381.0,1387.0,2017-01-13,2017-01-15
5080,Paul,Krynski,3975,7093,"Homer Glen, IL",Highland Table Tennis Center,1449,2024-07-07,1419,2019-02-03,ACTIVE,2016 Aurora Cup,996.0,1144.0,2016-01-15,2016-01-16
5080,Paul,Krynski,3975,7093,"Homer Glen, IL",Highland Table Tennis Center,1449,2024-07-07,1419,2019-02-03,ACTIVE,2015 Butterfly Aurora Cup,922.0,921.0,2015-01-18,
5080,Paul,Krynski,3975,7093,"Homer Glen, IL",Highland Table Tennis Center,1449,2024-07-07,1419,2019-02-03,ACTIVE,2014 Butterfly Aurora Cup,1077.0,1067.0,2014-01-19,
5118,Sandor,Feher,2096,96302,"Aurora, IL",,1444,2023-11-26,0,,ACTIVE,2020 Aurora Cup,1435.0,1430.0,2020-01-17,2020-01-17
5118,Sandor,Feher,2096,96302,"Aurora, IL",,1444,2023-11-26,0,,ACTIVE,2019 Aurora Cup,1515.0,1435.0,2019-01-18,2019-01-18
5118,Sandor,Feher,2096,96302,"Aurora, IL",,1444,2023-11-26,0,,ACTIVE,2018 Aurora Cup,1509.0,1515.0,2018-01-12,2018-01-14
5118,Sandor,Feher,2096,96302,"Aurora, IL",,1444,2023-11-26,0,,ACTIVE,2017 Aurora Cup,1515.0,1509.0,2017-01-13,2017-01-15
5151,Jim,Gableman,2302,82695,"New Berlin, WI",Milwaukee Table Tennis Club,1441,2024-05-18,0,,ACTIVE,2020 Aurora Cup,1631.0,1636.0,2020-01-17,2020-01-17
5151,Jim,Gableman,2302,82695,"New Berlin, WI",Milwaukee Table Tennis Club,1441,2024-05-18,0,,ACTIVE,2017 Aurora Cup,1546.0,1588.0,2017-01-13,2017-01-15
5182,Perry,Smith,46686,27885,"Holly Springs, MS",Memphis Table Tennis Club,1437,2024-07-07,0,,ACTIVE,2016 Aurora Cup,1803.0,1818.0,2016-01-15,2016-01-16
5293,Lizhao,Zhang,9031,88828,"Madison, WI",Madison Table Tennis Club,1422,2024-05-18,0,,ACTIVE,2017 Aurora Cup,1571.0,1547.0,2017-01-13,2017-01-15
5293,Lizhao,Zhang,9031,88828,"Madison, WI",Madison Table Tennis Club,1422,2024-05-18,0,,ACTIVE,2015 Butterfly Aurora Cup,1413.0,1521.0,2015-01-18,
5295,David,Soltwisch,7297,10150,"Minooka, IL",,1422,2019-01-18,1415,2021-11-28,ACTIVE,2019 Aurora Cup,1410.0,1422.0,2019-01-18,2019-01-18
5295,David,Soltwisch,7297,10150,"Minooka, IL",,1422,2019-01-18,1415,2021-11-28,ACTIVE,2018 Aurora Cup,1469.0,1456.0,2018-01-12,2018-01-14
5295,David,Soltwisch,7297,10150,"Minooka, IL",,1422,2019-01-18,1415,2021-11-28,ACTIVE,2017 Aurora Cup,1498.0,1469.0,2017-01-13,2017-01-15
5295,David,Soltwisch,7297,10150,"Minooka, IL",,1422,2019-01-18,1415,2021-11-28,ACTIVE,2014 Butterfly Aurora Cup,1574.0,1537.0,2014-01-19,
5324,Jack,Huang,3210,51870,"Ann Arbor, MI",,1418,2024-05-19,0,,ACTIVE,2016 Aurora Cup,1655.0,1697.0,2016-01-15,2016-01-16
5409,Steve,Ezzo,2047,7171,"San Simeon, CA",Experior Table Tennis Club,1405,2024-07-07,1266,2018-04-21,ACTIVE,2020 Aurora Cup,1484.0,1476.0,2020-01-17,2020-01-17
5451,Kelvin,Lee,117968,216968,Lombard,,1398,2024-07-07,1223,2019-12-21,ACTIVE,2020 Aurora Cup,1165.0,1112.0,2020-01-17,2020-01-17
5451,Kelvin,Lee,117968,216968,Lombard,,1398,2024-07-07,1223,2019-12-21,ACTIVE,2019 Aurora Cup,1047.0,1055.0,2019-01-18,2019-01-18
5518,Eva,Harrison,120500,219500,"Chicago, IL",,1389,2023-09-10,1251,2021-10-16,ACTIVE,2019 Aurora Cup,1179.0,1183.0,2019-01-18,2019-01-18
5518,Eva,Harrison,120500,219500,"Chicago, IL",,1389,2023-09-10,1251,2021-10-16,ACTIVE,2018 Aurora Cup,763.0,778.0,2018-01-12,2018-01-14
5623,Scott,Finley,131078,230078,"Mcfarland, WI",Madison Table Tennis Club,1372,2024-05-18,0,,ACTIVE,2020 Aurora Cup,1188.0,1176.0,2020-01-17,2020-01-17
5623,Scott,Finley,131078,230078,"Mcfarland, WI",Madison Table Tennis Club,1372,2024-05-18,0,,ACTIVE,2019 Aurora Cup,787.0,830.0,2019-01-18,2019-01-18
5655,Yuriy,Bukhalo,831,97272,"Glenview, IL",,1366,2024-06-08,0,,ACTIVE,2020 Aurora Cup,1144.0,1149.0,2020-01-17,2020-01-17
5695,Scott,Potereiko,112974,211974,"Colorado Springs, CO",,1361,2024-06-15,1109,2019-04-19,ACTIVE,2019 Aurora Cup,1280.0,1215.0,2019-01-18,2019-01-18
5730,Slava,Tenenbaum,7722,27623,"Glenview, IL",,1355,2024-05-05,1346,2019-12-21,ACTIVE,2019 Aurora Cup,1215.0,1241.0,2019-01-18,2019-01-18
5730,Slava,Tenenbaum,7722,27623,"Glenview, IL",,1355,2024-05-05,1346,2019-12-21,ACTIVE,2017 Aurora Cup,1297.0,1307.0,2017-01-13,2017-01-15
5730,Slava,Tenenbaum,7722,27623,"Glenview, IL",,1355,2024-05-05,1346,2019-12-21,ACTIVE,2016 Aurora Cup,1347.0,1332.0,2016-01-15,2016-01-16
5808,Kosta,Manahov,168143,1168143,Park Ridge,,1346,2024-03-31,0,,ACTIVE,2020 Aurora Cup,1236.0,1244.0,2020-01-17,2020-01-17
5839,Chang,Liu,4595,88605,"Chicago, IL",,1343,2024-07-07,1239,2017-07-09,ACTIVE,2019 Aurora Cup,1409.0,1361.0,2019-01-18,2019-01-18
5839,Chang,Liu,4595,88605,"Chicago, IL",,1343,2024-07-07,1239,2017-07-09,ACTIVE,2017 Aurora Cup,1207.0,1210.0,2017-01-13,2017-01-15
5873,Faeq,Zaman,55196,93219,"Bloomington, IL",,1338,2024-07-07,0,,ACTIVE,2018 Aurora Cup,833.0,830.0,2018-01-12,2018-01-14
5873,Faeq,Zaman,55196,93219,"Bloomington, IL",,1338,2024-07-07,0,,ACTIVE,2017 Aurora Cup,793.0,833.0,2017-01-13,2017-01-15
5873,Faeq,Zaman,55196,93219,"Bloomington, IL",,1338,2024-07-07,0,,ACTIVE,2016 Aurora Cup,483.0,484.0,2016-01-15,2016-01-16
5958,Keith,Willard,8462,95826,"St. Paul, MN",,1325,2024-03-17,823,2015-03-23,ACTIVE,2020 Aurora Cup,1405.0,1348.0,2020-01-17,2020-01-17
5968,Pouye,Khoshkhoosani,29032,80790,"cincinnati, OH",Tan's Table Tennis Training Club,1324,2024-01-27,1542,2019-08-03,ACTIVE,2020 Aurora Cup,1466.0,1515.0,2020-01-17,2020-01-17
6000,Ronald,Cassidy,971,30857,"Plainfield, IL",,1319,2018-03-25,0,,ACTIVE,2015 Butterfly Aurora Cup,1333.0,1327.0,2015-01-18,
6000,Ronald,Cassidy,971,30857,"Plainfield, IL",,1319,2018-03-25,0,,ACTIVE,2014 Butterfly Aurora Cup,1321.0,1333.0,2014-01-19,
6041,Tadeusz,Alberski,95,83164,"Oak Lawn, IL",Chicago Table Tennis Club - Wheeling Park District Branch ,1313,2023-12-03,1520,2020-03-06,ACTIVE,2017 Aurora Cup,,,2017-01-13,2017-01-15
6041,Tadeusz,Alberski,95,83164,"Oak Lawn, IL",Chicago Table Tennis Club - Wheeling Park District Branch ,1313,2023-12-03,1520,2020-03-06,ACTIVE,2016 Aurora Cup,,,2016-01-15,2016-01-16
6041,Tadeusz,Alberski,95,83164,"Oak Lawn, IL",Chicago Table Tennis Club - Wheeling Park District Branch ,1313,2023-12-03,1520,2020-03-06,ACTIVE,2015 Butterfly Aurora Cup,,,2015-01-18,
6041,Tadeusz,Alberski,95,83164,"Oak Lawn, IL",Chicago Table Tennis Club - Wheeling Park District Branch ,1313,2023-12-03,1520,2020-03-06,ACTIVE,2014 Butterfly Aurora Cup,,,2014-01-19,
6072,Tim,O'Neil,5815,95562,"Oconomowoc, WI",,1309,2024-05-18,0,,ACTIVE,2020 Aurora Cup,1191.0,1107.0,2020-01-17,2020-01-17
6072,Tim,O'Neil,5815,95562,"Oconomowoc, WI",,1309,2024-05-18,0,,ACTIVE,2019 Aurora Cup,1239.0,1212.0,2019-01-18,2019-01-18
6072,Tim,O'Neil,5815,95562,"Oconomowoc, WI",,1309,2024-05-18,0,,ACTIVE,2018 Aurora Cup,1075.0,1067.0,2018-01-12,2018-01-14
6072,Tim,O'Neil,5815,95562,"Oconomowoc, WI",,1309,2024-05-18,0,,ACTIVE,2017 Aurora Cup,1049.0,1042.0,2017-01-13,2017-01-15
6072,Tim,O'Neil,5815,95562,"Oconomowoc, WI",,1309,2024-05-18,0,,ACTIVE,2016 Aurora Cup,1106.0,1118.0,2016-01-15,2016-01-16
6095,Mohammed,Zaman,55197,81460,"Bloomington, IL",,1305,2024-07-07,0,,ACTIVE,2018 Aurora Cup,813.0,1161.0,2018-01-12,2018-01-14
6095,Mohammed,Zaman,55197,81460,"Bloomington, IL",,1305,2024-07-07,0,,ACTIVE,2017 Aurora Cup,819.0,813.0,2017-01-13,2017-01-15
6095,Mohammed,Zaman,55197,81460,"Bloomington, IL",,1305,2024-07-07,0,,ACTIVE,2016 Aurora Cup,689.0,689.0,2016-01-15,2016-01-16
6120,Akshay,Parkhi,168284,267284,Brambleton,Milwaukee Table Tennis Club,1300,2024-08-03,0,,ACTIVE,2020 Aurora Cup,0.0,1374.0,2020-01-17,2020-01-17
6134,Sejal,Jain,124118,223118,Schaumburg,,1299,2023-10-29,0,,ACTIVE,2019 Aurora Cup,1433.0,1382.0,2019-01-18,2019-01-18
6178,William,Goodfellow,2543,90074,"Chicago, IL",,1292,2024-07-07,0,,ACTIVE,2018 Aurora Cup,1298.0,1294.0,2018-01-12,2018-01-14
6178,William,Goodfellow,2543,90074,"Chicago, IL",,1292,2024-07-07,0,,ACTIVE,2015 Butterfly Aurora Cup,1395.0,1336.0,2015-01-18,
6178,William,Goodfellow,2543,90074,"Chicago, IL",,1292,2024-07-07,0,,ACTIVE,2014 Butterfly Aurora Cup,1339.0,1330.0,2014-01-19,
6313,Mihai,Mihailescu,36181,90067,"Decatur, IL",,1270,2023-11-26,0,,ACTIVE,2014 Butterfly Aurora Cup,1341.0,1338.0,2014-01-19,
6348,Jason,Nyberg,115535,214535,"Manitou Springs, CO",,1266,2024-03-09,0,,ACTIVE,2020 Aurora Cup,1388.0,1342.0,2020-01-17,2020-01-17
6371,Shuzhi,Zeng,103978,202978,"Richmond, VA",,1262,2019-05-19,0,,ACTIVE,2018 Aurora Cup,1305.0,1305.0,2018-01-12,2018-01-14
6432,Joe,Bao,120015,219015,"Saint Louis, MO",,1253,2024-02-25,0,,ACTIVE,2018 Aurora Cup,1070.0,1049.0,2018-01-12,2018-01-14
6446,Stanislaw,Zarycki,8977,92090,"Palos Hills, IL",,1249,2024-02-04,0,,ACTIVE,2019 Aurora Cup,,,2019-01-18,2019-01-18
6446,Stanislaw,Zarycki,8977,92090,"Palos Hills, IL",,1249,2024-02-04,0,,ACTIVE,2015 Butterfly Aurora Cup,,,2015-01-18,
6446,Stanislaw,Zarycki,8977,92090,"Palos Hills, IL",,1249,2024-02-04,0,,ACTIVE,2014 Butterfly Aurora Cup,,,2014-01-19,
6450,Nathaniel,Dilworth,131686,1131686,"San Antonio, TX",,1249,2024-06-29,911,2021-09-16,ACTIVE,2020 Aurora Cup,1338.0,1339.0,2020-01-17,2020-01-17
6576,Lijian,Cai,890,94675,"Mequon, WI",Milwaukee Table Tennis Club,1233,2024-02-18,0,,ACTIVE,2016 Aurora Cup,899.0,868.0,2016-01-15,2016-01-16
6576,Lijian,Cai,890,94675,"Mequon, WI",Milwaukee Table Tennis Club,1233,2024-02-18,0,,ACTIVE,2015 Butterfly Aurora Cup,781.0,813.0,2015-01-18,
6636,Ron,Stevens,7430,95548,"Chicago, IL",Killerspin TTC,1222,2022-10-30,0,,ACTIVE,2018 Aurora Cup,1277.0,1173.0,2018-01-12,2018-01-14
6636,Ron,Stevens,7430,95548,"Chicago, IL",Killerspin TTC,1222,2022-10-30,0,,ACTIVE,2016 Aurora Cup,1017.0,1035.0,2016-01-15,2016-01-16
6646,Avinash,Banala,11185,90070,"Naperville, IL",,1221,2024-07-07,0,,ACTIVE,2017 Aurora Cup,1110.0,1117.0,2017-01-13,2017-01-15
6666,Naureen,Sajwani,43991,94443,"Chicago, IL",Chicago Slam Table Tennis Club,1218,2024-04-21,0,,ACTIVE,2019 Aurora Cup,788.0,953.0,2019-01-18,2019-01-18
6666,Naureen,Sajwani,43991,94443,"Chicago, IL",Chicago Slam Table Tennis Club,1218,2024-04-21,0,,ACTIVE,2018 Aurora Cup,699.0,693.0,2018-01-12,2018-01-14
6666,Naureen,Sajwani,43991,94443,"Chicago, IL",Chicago Slam Table Tennis Club,1218,2024-04-21,0,,ACTIVE,2016 Aurora Cup,462.0,470.0,2016-01-15,2016-01-16
6789,Logan,Ramasamy,113080,212080,"Maple Grove, MN",Table Tennis Minnesota,1200,2023-11-04,0,,ACTIVE,2020 Aurora Cup,1217.0,1217.0,2020-01-17,2020-01-17
6789,Logan,Ramasamy,113080,212080,"Maple Grove, MN",Table Tennis Minnesota,1200,2023-11-04,0,,ACTIVE,2019 Aurora Cup,1113.0,1129.0,2019-01-18,2019-01-18
6789,Logan,Ramasamy,113080,212080,"Maple Grove, MN",Table Tennis Minnesota,1200,2023-11-04,0,,ACTIVE,2018 Aurora Cup,900.0,950.0,2018-01-12,2018-01-14
6858,Nilan,Patel,166195,1166195,Geneva,,1189,2024-02-25,0,,ACTIVE,2020 Aurora Cup,1126.0,1073.0,2020-01-17,2020-01-17
6864,Sophie,Sharon,130363,229363,Willowbrook,,1188,2024-07-07,759,2020-03-06,ACTIVE,2020 Aurora Cup,498.0,501.0,2020-01-17,2020-01-17
7141,Ben,Ritter,42916,8981,"Park Forest, IL",,1144,2024-03-17,0,,ACTIVE,2017 Aurora Cup,1397.0,1382.0,2017-01-13,2017-01-15
7141,Ben,Ritter,42916,8981,"Park Forest, IL",,1144,2024-03-17,0,,ACTIVE,2014 Butterfly Aurora Cup,1429.0,1412.0,2014-01-19,
7143,James,Colley,169468,1169468,Bolingbrook,,1144,2023-11-26,0,,ACTIVE,2020 Aurora Cup,0.0,1117.0,2020-01-17,2020-01-17
7148,Kevin,Alexander,132503,231503,"Fort Collins, CO",,1143,2024-07-07,0,,ACTIVE,2020 Aurora Cup,1059.0,1045.0,2020-01-17,2020-01-17
7154,Karthikeyan,Thukkaram,7788,94138,"Lombard, IL",,1142,2024-07-07,1020,2019-02-08,ACTIVE,2017 Aurora Cup,876.0,870.0,2017-01-13,2017-01-15
7154,Karthikeyan,Thukkaram,7788,94138,"Lombard, IL",,1142,2024-07-07,1020,2019-02-08,ACTIVE,2016 Aurora Cup,650.0,681.0,2016-01-15,2016-01-16
7303,Nitin,Fuldeore,164933,1164933,Naperville,,1117,2023-11-26,0,,ACTIVE,2020 Aurora Cup,1038.0,1151.0,2020-01-17,2020-01-17
7360,Ed,Molenda,5360,19152,"Crown Point, IN",,1106,2024-03-17,1162,2021-10-16,ACTIVE,2020 Aurora Cup,1289.0,1385.0,2020-01-17,2020-01-17
7360,Ed,Molenda,5360,19152,"Crown Point, IN",,1106,2024-03-17,1162,2021-10-16,ACTIVE,2018 Aurora Cup,1232.0,1273.0,2018-01-12,2018-01-14
7360,Ed,Molenda,5360,19152,"Crown Point, IN",,1106,2024-03-17,1162,2021-10-16,ACTIVE,2016 Aurora Cup,1378.0,1344.0,2016-01-15,2016-01-16
7484,Adhrit,Kini,167478,1167478,"Naperville, IL",,1087,2024-02-04,0,,ACTIVE,2020 Aurora Cup,354.0,370.0,2020-01-17,2020-01-17
7776,Jesse,Slowikowski,119805,218805,West Peoria,,1028,2024-07-07,0,,ACTIVE,2020 Aurora Cup,905.0,1107.0,2020-01-17,2020-01-17
7776,Jesse,Slowikowski,119805,218805,West Peoria,,1028,2024-07-07,0,,ACTIVE,2019 Aurora Cup,752.0,856.0,2019-01-18,2019-01-18
7779,Weiguo,Jiang,3450,94360,"Durham, NC",,1027,2024-05-05,0,,ACTIVE,2019 Aurora Cup,929.0,944.0,2019-01-18,2019-01-18
8017,Borton,Szeto,164934,1164934,Chicago,,974,2023-11-26,0,,ACTIVE,2020 Aurora Cup,920.0,947.0,2020-01-17,2020-01-17
8049,Miles,Cushing,1544,94960,"Chicago, IL",,966,2024-07-28,0,,ACTIVE,2016 Aurora Cup,1114.0,1059.0,2016-01-15,2016-01-16
8438,Thomas P.,Mccormack,5099,6655,"La Grande Park, IL",,890,2024-05-05,0,,ACTIVE,2016 Aurora Cup,1017.0,966.0,2016-01-15,2016-01-16
8438,Thomas P.,Mccormack,5099,6655,"La Grande Park, IL",,890,2024-05-05,0,,ACTIVE,2015 Butterfly Aurora Cup,1018.0,1010.0,2015-01-18,
8438,Thomas P.,Mccormack,5099,6655,"La Grande Park, IL",,890,2024-05-05,0,,ACTIVE,2014 Butterfly Aurora Cup,1035.0,1018.0,2014-01-19,
8569,John,Chan,167475,1167475,"Villa Park, IL",,859,2024-07-07,1012,2020-02-08,ACTIVE,2020 Aurora Cup,1009.0,961.0,2020-01-17,2020-01-17
8596,Katy,Lee,125029,224029,Lombard,,853,2024-07-07,0,,ACTIVE,2020 Aurora Cup,430.0,414.0,2020-01-17,2020-01-17
8596,Katy,Lee,125029,224029,Lombard,,853,2024-07-07,0,,ACTIVE,2019 Aurora Cup,440.0,432.0,2019-01-18,2019-01-18
8780,Nancy,Calderone,102014,98061,"The Villages, FL",,808,2021-03-21,0,,ACTIVE,2019 Aurora Cup,875.0,823.0,2019-01-18,2019-01-18
8818,Frank,Aguilera,67,87881,"Dyer, IN",Highland Table Tennis Center,800,2024-07-07,0,,ACTIVE,2018 Aurora Cup,776.0,776.0,2018-01-12,2018-01-14
8818,Frank,Aguilera,67,87881,"Dyer, IN",Highland Table Tennis Center,800,2024-07-07,0,,ACTIVE,2016 Aurora Cup,802.0,781.0,2016-01-15,2016-01-16
8818,Frank,Aguilera,67,87881,"Dyer, IN",Highland Table Tennis Center,800,2024-07-07,0,,ACTIVE,2015 Butterfly Aurora Cup,762.0,762.0,2015-01-18,
8818,Frank,Aguilera,67,87881,"Dyer, IN",Highland Table Tennis Center,800,2024-07-07,0,,ACTIVE,2014 Butterfly Aurora Cup,719.0,683.0,2014-01-19,
8853,Tim,Vanzuiden,8062,82753,"Morrison, IL",,794,2018-03-02,0,,ACTIVE,2015 Butterfly Aurora Cup,741.0,811.0,2015-01-18,
8889,Karthikeyan,Praghadeesh,165329,264329,Schamburg,,786,2024-07-07,0,,ACTIVE,2020 Aurora Cup,332.0,352.0,2020-01-17,2020-01-17
9049,Quinton,Smith,124248,223248,"Chicago, IL",Experior Table Tennis Club,745,2023-08-13,0,,ACTIVE,2020 Aurora Cup,502.0,492.0,2020-01-17,2020-01-17
9301,Ricky,Chen,121568,220568,Chicago,,679,2023-10-29,0,,ACTIVE,2018 Aurora Cup,679.0,679.0,2018-01-12,2018-01-14
9460,Jennifer,Berger,11965,86969,"Chicago, IL",,633,2024-04-21,0,,ACTIVE,2014 Butterfly Aurora Cup,582.0,598.0,2014-01-19,
9692,Krishnachandra,Nair,157503,1157503,Aurora,,559,2023-10-29,0,,ACTIVE,2019 Aurora Cup,0.0,537.0,2019-01-18,2019-01-18
9926,Rex,Casstevens,972,49120,"St. Charles, IL",,455,2018-03-02,0,,ACTIVE,2014 Butterfly Aurora Cup,841.0,830.0,2014-01-19,
