Winner,Loser,Scores,Event
268979,1168381,"7,6,4",
279803,1169772,"-9,10,-7,7,5",
274994,262852,"8,-10,8,-6,5",
269985,277441,"-9,6,8,12",
273762,271149,"8,-4,4,-9,8",
275037,271042,"4,7,10",
1175528,279485,"4,8,8",
269965,271344,"9,5,6",
203271,198566,"-9,6,8,-5,8",
278584,1184285,"6,2,3",
220032,1150995,"-9,10,14,10",
1176624,277358,"-9,8,7,7",
1150995,1167521,"-4,8,7,-8,14",
1176627,1169772,"5,9,8",
1182632,1180010,"6,8,9",
271042,276426,"6,-2,8,6",
286908,98155,"11,7,7",
282692,273382,"14,-4,5,11",
1171853,1173728,"8,4,-6,-8,3",
262852,271149,"7,9,-11,-4,5",
1150995,262852,"8,4,6",
270746,1176480,"-11,7,4,-3,9",
1167527,1168381,"8,-8,-6,5,5",
1171074,1171856,"-12,5,8,1",
1171468,270746,"-3,9,-7,6,8",
1173728,1176859,"5,6,2",
221729,1168381,"6,-10,-9,9,14",
1177907,1164236,"9,5,8",
256682,1176700,"4,5,3",
1171665,268979,"14,-9,9,7",
221549,1178802,"6,8,13",
219240,1170759,"-10,3,-2,11,6",
223760,274722,"9,5,5",
256682,272586,"9,-8,7,8",
273642,1177793,"4,1,2",
217130,1171292,"10,9,7",
219210,98155,"-5,-13,11,4,9",
270748,275392,"6,-12,8,6",
262852,280414,"7,12,7",
273762,271149,"6,-6,5,5",
276420,271875,"-5,11,7,11",
222763,96633,"8,-5,-7,8,6",
1178802,271061,"4,6,6",
222763,286908,"7,5,5",
270393,1176700,"8,6,7",
1171728,1176627,"-10,8,11,8",
280414,271061,"7,5,10",
1171292,212806,"9,9,-9,11",
283842,271344,"-10,6,9,7",
222276,1171856,"6,7,-2,-8,7",
269985,1169576,"7,10,10",
274722,269745,"-12,8,-5,10,9",
1176859,279485,"9,-10,-6,8,9",
1166449,268653,"5,11,9",
273382,271042,"-7,9,-6,11,9",
271061,219191,"-7,8,-12,9,8",
270746,276070,"-8,6,4,5",
280415,217865,"11,-8,9,8",
1179199,271883,"9,7,-7,8",
1157745,1168206,"8,6,-6,-10,8",
198566,280414,"7,-4,10,9",
1178256,280003,"9,6,5",
271482,282692,"-7,-8,9,8,4",
1175630,270703,"6,-7,6,8",
230237,224135,"7,-7,12,8",
202990,212806,"16,7,11",
270393,1177956,"6,-8,7,-6,9",
222763,1167527,"-11,1,8,-4,4",
1182632,268653,"5,8,-11,3",
93758,211614,"6,9,-6,-6,12",
198566,1177907,"-8,9,12,6",
1181431,1180925,"4,11,4",
219191,268640,"-9,8,8,4",
276070,278584,"9,-7,7,8",
1178109,279803,"6,9,3",
1171127,221729,"6,5,10",
1168381,269985,"6,9,8",
280414,222837,"5,8,5",
1171853,268979,"8,-4,7,10",
270846,224135,"9,6,10",
222763,1169576,"6,8,9",
1171665,1171853,"5,7,9",
273772,1178504,"-8,7,8,8",
1170374,1180952,"-9,13,7,6",
270083,219240,"9,-6,8,10",
223759,1157745,"5,8,3",
223760,270749,"5,3,3",
1181431,1177551,"14,-5,11,-6,7",
1176700,274995,"-8,8,6,-9,5",
279153,270083,"10,9,6",
275469,277358,"6,4,8",
1176627,270746,"9,14,-7,11",
1165421,1171728,"6,-5,7,11",
279485,280001,"5,4,4",
262852,1182631,"3,4,7",
1168516,279803,"5,8,7",
274683,1175528,"8,7,-9,4",
274995,276158,"-4,-9,9,9,9",
219888,271482,"7,-9,9,9",
1171856,1170609,"9,-2,7,7",
230237,272586,"-10,2,11,-12,9",
1167521,1178802,"9,3,-10,7",
1176859,271875,"5,5,7",
1157745,269745,"8,7,2",
96633,222971,"5,9,3",
84904,91031,"10,-7,7,-9,8",
217235,97890,"9,3,-6,11",
1150995,1176480,"6,8,7",
277044,1180429,"7,9,-10,-4,6",
280414,276426,"5,8,6",
224231,1167527,"5,8,5",
1171127,271481,"3,4,8",
96633,269965,"8,6,-10,7",
273762,1176624,"4,6,7",
256682,271344,"14,10,3",
269965,1171665,"-5,4,5,6",
1171853,1187504,"2,4,1",
275392,1178555,"-6,9,5,8",
1181431,1178256,"10,-6,7,8",
230237,267433,"8,-8,6,9",
224231,267433,"8,10,7",
223150,269745,"9,7,2",
278584,273382,"10,-9,4,5",
1171856,1171728,"-8,9,11,8",
222837,1157612,"8,-9,7,-8,3",
1157612,1176627,"-11,8,7,7",
271890,275469,"4,-6,10,8",
271313,271890,"9,8,8",
270083,1171128,"9,8,9",
264662,275037,"-9,-3,6,9,5",
272956,1172655,"9,8,-6,7",
275469,1179844,"2,-7,8,7",
275469,1176624,"-8,9,-16,6,7",
279803,280491,"8,7,-7,7",
1173507,275113,"4,11,3",
212114,269985,"0,10,11",
279803,1179844,"-7,3,7,7",
274722,271425,"-5,6,-11,16,5",
271876,273240,"-11,-11,4,6,4",
219240,272586,"7,-10,-9,9,12",
222971,230237,"-8,12,9,-7,3",
271149,1177045,"3,1,1",
1164236,280415,"6,6,9",
219210,222815,"5,9,5",
1170998,275113,"-9,6,9,7",
270083,267433,"3,10,-10,-5,8",
270703,270393,"-8,-3,7,6,9",
269965,272825,"1,7,11",
271149,1173259,"5,-5,10,8",
274722,280491,"3,9,3",
270911,271425,"7,-8,1,6",
198566,271890,"7,1,1",
84904,217130,"8,-9,5,7",
223760,1157745,"8,8,-8,8",
1171643,269985,"8,6,5",
1171728,271149,"6,9,3",
96633,231169,"5,7,2",
271425,268640,"7,5,-4,7",
270083,212114,"8,10,9",
271178,270748,"11,7,9",
223150,271313,"-10,6,9,4",
1171728,1171107,"-9,3,7,8",
275469,271313,"8,6,4",
217130,223760,"9,5,5",
212114,1171127,"5,4,8",
1171728,269570,"7,9,-14,7",
277441,273642,"5,11,11",
272060,270725,"5,5,-3,7",
269965,269985,"6,8,2",
1150995,222837,"10,-6,-9,11,4",
230237,1169576,"5,-11,4,-12,9",
1171128,271481,"10,8,2",
202029,84904,"6,10,7",
1172858,271042,"9,12,-8,8",
269570,1172852,"5,4,7",
273642,279485,"5,4,6",
271178,273772,"8,-9,7,-9,10",
271890,276426,"8,5,-7,9",
269985,270703,"-10,8,10,8",
274994,275037,"9,6,9",
279803,1172852,"7,-6,-7,9,5",
270703,283842,"9,-8,-3,4,6",
271149,1180952,"6,7,7",
270083,224231,"6,1,-11,12",
221340,224231,"5,4,-10,-8,3",
279803,1170998,"6,5,6",
279820,283842,"-7,8,6,10",
1171728,1132147,"-9,8,8,8",
202754,1164236,"9,5,6",
1171292,98266,"7,6,-7,8",
217130,1177907,"4,14,4",
1171853,1175630,"8,11,8",
1174330,1173499,"6,-7,12,4",
1171074,1150995,"6,9,9",
222276,1150995,"-8,7,-8,7,8",
268653,271890,"8,7,5",
271883,1178109,"8,10,-9,7",
1182632,280507,"5,5,6",
271425,1174330,"5,9,9",
273411,282692,"4,3,3",
1166449,271313,"8,6,5",
271178,1178555,"7,8,8",
284190,1177551,"8,6,-3,6",
222763,1170759,"9,8,7",
272586,1172655,"6,6,7",
221549,269745,"-8,4,7,5",
279820,1175630,"7,11,11",
93758,202029,"-12,7,8,-9,8",
1177045,280553,"-10,12,-8,7,8",
1171468,272973,"5,3,7",
276420,1181431,"7,-10,8,7",
271149,270746,"12,6,8",
1173507,278584,"5,-10,3,16",
277358,279719,"-8,9,6,7",
1157612,221549,"-8,9,-7,4,5",
1167521,274994,"-9,9,9,8",
1174330,273382,"7,-6,5,13",
270305,270889,"-7,8,9,-8,9",
212114,272956,"-10,11,5,9",
256682,230237,"7,-8,4,10",
1173728,1176700,"6,9,6",
1168206,279803,"-8,-8,3,8,10",
222763,270725,"6,4,4",
91031,203271,"9,-7,3,4",
272586,1171127,"-10,7,7,9",
275469,280002,"2,-10,8,7",
1171074,280414,"10,11,7",
270746,1176627,"6,7,-7,10",
271149,1180010,"3,6,7",
256682,1177584,"3,-7,-9,7,9",
269985,1175529,"2,8,3",
1178555,284388,"8,7,4",
219210,224135,"6,5,5",
274995,1180429,"-5,5,9,10",
256682,231169,"10,6,9",
221729,231169,"13,3,-7,5",
1157612,275469,"9,6,-6,9",
1174369,264093,"7,8,-11,6",
271061,219888,"6,7,-9,-5,8",
1172655,272956,"9,-9,9,-9,9",
280315,277358,"6,7,8",
223760,269745,"-9,2,-4,6,7",
271883,270889,"-3,7,4,9",
269570,1170751,"-9,8,-6,7,8",
224135,1171127,"8,8,8",
273411,1173507,"-10,5,8,3",
224231,256682,"-5,9,-6,9,6",
1171643,269985,"8,7,-7,-8,10",
220032,217130,"-8,8,12,5",
221729,270083,"8,9,-10,-8,12",
274722,271482,"7,11,-6,-6,8",
1180952,1170751,"8,7,7",
280414,270746,"9,-7,8,9",
270746,271425,"9,-7,1,-8,7",
270746,276426,"6,8,7",
1172852,1173505,"5,8,-8,-7,5",
1173728,277441,"10,-7,10,-8,12",
272956,270393,"7,6,6",
1171468,270746,"6,-6,4,7",
268653,1179199,"9,7,6",
1177780,1178952,"3,6,-7,11",
1171074,219191,"4,8,6",
1132147,223759,"9,-9,11,9",
273772,1182217,"-8,-14,7,6,7",
1169576,269985,"10,-10,7,11",
1182632,1182217,"7,-4,4,3",
265334,1178109,"8,8,-7,9",
271482,268640,"3,9,10",
275037,271061,"8,5,12",
283842,277044,"3,10,6",
1175371,1170759,"6,8,-5,-8,8",
280315,1178952,"4,3,11",
1173259,274722,"-7,10,-8,5,9",
270749,1170374,"7,7,7",
265334,271890,"7,3,3",
271061,1173507,"7,4,5",
1167521,274994,"6,-6,7,8",
1174330,1182631,"11,5,11",
202029,202363,"13,8,7",
274722,1170609,"-7,5,8,7",
98262,215307,"2,11,-9,12",
264093,1170374,"7,9,7",
1171468,282692,"10,6,7",
274994,271149,"3,2,2",
223759,265334,"9,8,10",
1177907,1165421,"6,3,11",
274994,273411,"5,6,2",
274722,1176627,"9,-9,6,8",
274994,1176535,"2,9,5",
222763,256682,"2,4,-11,7",
264662,1173259,"10,9,8",
224231,1175371,"11,6,6",
274722,284388,"6,7,8",
271482,1188335,"-4,7,-7,4,9",
1171728,270746,"11,-8,10,9",
268640,271883,"-5,10,7,5",
269965,270846,"6,-10,5,7",
1171643,1171853,"8,8,6",
1171643,1171853,"8,6,-9,6",
267433,223243,"4,7,11",
271178,1174330,"6,2,10",
256702,223150,"5,7,-8,8",
223760,270911,"-5,10,9,-5,8",
1171874,275113,"9,9,-8,-8,8",
1174369,1176480,"9,8,9",
270911,1132147,"-11,16,9,8",
280414,1157612,"4,3,6",
1173505,1180010,"8,-3,9,8",
1168206,270753,"12,9,11",
271481,223243,"-9,6,8,-7,9",
271876,1170751,"12,-17,5,-6,9",
267433,221340,"-9,7,-9,9,7",
202029,1167521,"2,-8,-6,10,10",
1171468,274722,"7,9,4",
217130,1177907,"5,5,8",
1177956,1175529,"8,6,4",
1168516,1157745,"7,7,-7,-7,8",
1173259,1171107,"7,10,6",
1171643,272586,"-4,5,10,11",
271482,278584,"-5,8,-8,5,7",
1176624,1177045,"-4,-8,8,1,11",
1180010,276070,"8,6,6",
1172655,223243,"9,8,9",
274722,1170609,"8,11,9",
276070,275469,"6,-9,6,5",
1173499,279719,"6,10,8",
256682,272586,"9,-7,6,12",
1170609,1178555,"9,9,5",
273772,1176624,"11,4,8",
202990,271061,"7,-10,5,5",
1165421,265334,"3,5,7",
222815,221340,"3,-5,9,4",
271482,270889,"8,8,7",
212114,1171127,"9,5,-7,10",
1170759,231169,"8,8,-8,8",
223759,1171728,"5,-11,2,15",
202754,1165421,"9,7,5",
272060,1176700,"5,7,9",
275392,1177780,"-4,12,9,9",
1172852,1178555,"-7,9,7,5",
275469,1177045,"5,-9,7,-3,8",
262852,271149,"9,-8,10,-9,11",
270846,1169576,"10,-9,8,8",
1170374,271876,"-8,8,-8,9,8",
221729,272956,"3,11,5",
1132147,271883,"-6,11,9,9",
1173259,274722,"5,8,-9,5",
1180925,1177793,"8,8,5",
1176627,1168516,"10,5,6",
280414,270305,"5,7,-8,5",
1171074,217865,"10,-5,7,-16,11",
1178109,1171874,"6,6,8",
1170759,1171643,"7,-10,9,6",
286908,221729,"-4,10,6,10",
274788,274995,"8,-7,-7,8,10",
256682,196123,"9,7,7",
217235,230805,"-10,9,6,7",
286908,224231,"9,-9,4,-10,9",
203271,202754,"-9,7,8,14",
273762,274722,"6,-7,6,7",
1173505,1180947,"5,5,6",
1177780,284388,"6,-11,8,7",
222276,1165421,"10,7,5",
211614,265334,"6,3,5",
203271,217235,"-6,2,8,-6,13",
1182631,270753,"6,3,4",
94880,222763,"5,5,5",
270083,222815,"14,8,-8,8",
270911,273382,"5,10,9",
1174369,273772,"8,7,7",
272586,269985,"7,9,-8,10",
271883,1172858,"7,13,5",
84904,1176480,"7,10,7",
271178,270889,"8,9,12",
272825,271984,"-9,5,-11,3,3",
271883,1182631,"8,5,10",
223150,1170374,"8,7,1",
211614,265334,"5,5,-6,1",
1170998,1180947,"-6,2,5,5",
271178,1178555,"-6,6,10,9",
271178,273382,"11,8,7",
286908,283842,"6,6,3",
271149,1170609,"9,6,8",
230429,196123,"6,6,-8,9",
220032,97890,"8,6,6",
221549,263580,"4,3,7",
223760,271061,"5,2,4",
223759,274722,"-7,6,5,9",
1168381,270725,"1,4,2",
1174324,1177551,"-5,10,6,6",
272586,1171127,"9,7,8",
268979,272956,"8,-11,2,6",
277358,279542,"11,10,5",
219888,275113,"7,-5,6,10",
275113,280553,"3,9,5",
256702,1176627,"6,6,1",
1164236,222276,"-9,5,8,-9,9",
222276,265334,"-4,4,4,-4,4",
224231,230237,"8,6,-9,-8,6",
1171468,1173259,"-8,-7,8,9,7",
1165421,1157612,"-8,-6,9,12,11",
221340,1171643,"-9,7,14,6",
1170759,270703,"6,5,4",
1164236,1157612,"-9,9,11,9",
223760,1174330,"5,11,1",
256702,1188335,"10,3,5",
284388,1177045,"4,5,4",
279719,279542,"-5,8,5,7",
271149,1174545,"8,7,4",
268640,1171107,"-5,5,4,-7,10",
1164236,280414,"6,3,-9,9",
217235,222276,"9,8,7",
1182631,1172852,"3,3,9",
1173259,275392,"-9,6,9,4",
1170759,271984,"6,3,8",
270846,273642,"4,6,10",
1171074,212806,"-5,8,-6,5,6",
275392,273088,"11,9,-9,7",
1176535,277358,"8,-8,9,6",
271149,271061,"-8,7,9,7",
280491,273240,"9,9,9",
269965,286908,"1,8,8",
202029,217865,"6,-10,6,5",
1165421,1166449,"8,6,-8,7",
1165421,1168156,"9,3,9",
219210,270393,"6,-8,9,5",
272973,1178952,"-10,5,5,7",
270889,270748,"8,-6,7,12",
274994,271890,"7,5,8",
1181431,279696,"7,-12,-4,9,10",
271883,280553,"5,6,4",
1178504,1177780,"-8,9,8,-8,5",
1171292,1178802,"6,-8,10,6",
1175528,275101,"-9,-9,9,10,7",
222837,223150,"9,8,11",
1157745,1170374,"9,-5,10,7",
1180010,1173507,"8,10,-8,9",
203271,280414,"2,3,5",
280002,1177045,"5,-4,7,9",
1176480,279803,"3,8,-9,2",
212114,230237,"11,6,9",
1180010,273382,"-10,-8,7,4,8",
270746,256702,"-6,10,6,-7,7",
202029,1150995,"5,1,7",
217865,271145,"4,5,7",
1179199,1178555,"2,-9,-2,7,10",
269965,1170759,"4,3,6",
275101,271875,"-9,5,10,3",
1171665,1169576,"-5,7,10,-6,5",
1175528,271984,"-5,9,-9,2,8",
269985,271344,"-7,-10,8,10,6",
270746,265334,"10,8,6",
264662,279803,"8,5,5",
224231,268979,"5,3,10",
219210,1172655,"5,8,5",
275113,1173505,"-11,9,9,4",
264662,1171728,"10,12,9",
274994,1171292,"7,7,-9,10",
222837,1171292,"9,8,5",
230237,212114,"-9,4,8,7",
1177584,276158,"4,-8,3,11",
1157745,264093,"7,6,-9,7",
219210,221340,"-7,-7,8,6,9",
223243,270393,"7,7,7",
271481,277441,"8,4,-9,5",
274722,1182632,"-7,5,-9,6,8",
222763,212114,"8,-10,11,-8,9",
272973,280553,"5,9,-7,5",
219191,274722,"-10,3,7,4",
286908,1171665,"-6,-6,7,5,7",
271061,270753,"8,9,-9,5",
256682,1172655,"6,5,9",
1169772,271313,"6,7,-3,7",
221729,1175371,"8,-7,8,10",
271875,1180925,"7,7,11",
222763,224231,"5,4,-4,6",
280507,277358,"10,4,9",
1175529,271875,"2,9,4",
272956,1171853,"9,7,3",
223759,1174330,"9,5,-8,5",
221549,270746,"8,-9,12,7",
1182631,271890,"6,7,9",
98266,1176480,"3,6,4",
280002,272973,"7,6,9",
1173259,271178,"5,3,6",
1176535,1176624,"10,3,9",
1171856,270305,"9,7,9",
286908,212114,"6,-6,-9,8,8",
1171127,270725,"9,7,12",
270393,273377,"6,9,6",
273382,271883,"6,8,5",
274994,1171468,"7,9,7",
267433,1171127,"-5,9,-9,2,7",
269570,1171468,"-3,8,9,9",
1180947,1168156,"5,13,4",
94880,219210,"3,4,-7,2",
269965,272060,"9,-8,6,7",
1171643,279820,"9,4,4",
267433,279820,"6,9,6",
279803,1180010,"5,19,5",
1175528,277044,"4,5,-5,3",
279153,272586,"5,-7,-12,7,5",
1171292,279803,"6,7,9",
223760,1166449,"8,4,6",
1177907,223150,"5,-9,3,3",
1175371,272586,"8,5,5",
1171107,279803,"-7,8,7,4",
280315,273240,"9,-8,9,8",
217865,222276,"8,-12,7,-5,4",
273411,276070,"-8,11,-8,8,9",
1177780,1182217,"6,6,8",
1150995,269570,"6,1,6",
1174324,271875,"8,2,8",
1157612,1170374,"10,5,1",
1173505,275392,"6,-7,8,6",
220032,198566,"6,3,8",
272586,267433,"7,4,10",
274788,1177956,"10,-4,5,-7,6",
1171643,1171665,"13,-8,12,-4,4",
272956,231169,"7,-10,-10,15,4",
217235,222837,"4,3,5",
94880,256682,"9,5,7",
1174330,1188335,"-11,-2,6,8,7",
97890,202754,"5,7,8",
203271,202990,"7,-9,-8,6,4",
1174545,1178504,"8,7,-7,5",
1178802,265334,"4,-10,7,5",
271875,280003,"8,7,11",
1169772,271890,"8,7,9",
271344,1171853,"-7,6,-8,7,9",
270846,270703,"-12,8,-7,5,4",
256682,268979,"7,5,8",
1178802,271313,"-6,3,6,7",
1166449,1170374,"3,-10,8,8",
231169,1172655,"5,6,-3,-11,9",
230805,271425,"5,8,6",
1171127,274995,"4,5,10",
1171468,271482,"8,3,5",
272586,270703,"7,3,6",
270748,280507,"5,5,3",
1171856,274994,"9,-5,-9,10,9",
221340,268979,"10,3,2",
275101,280001,"5,1,-8,7",
270889,280315,"4,4,3",
202990,230805,"7,8,-9,7",
286908,219240,"6,4,-12,8",
279820,277441,"7,-8,-7,5,6",
1180429,1187504,"7,6,6",
224231,1167527,"8,4,7",
221340,212114,"9,-5,7,8",
277044,275101,"8,-11,-11,6,5",
1171665,1175528,"4,6,5",
256682,230237,"6,-4,9,-8,2",
1171728,1166449,"5,-9,8,13",
1178109,1175517,"-9,4,8,3",
198566,212806,"7,7,8",
274994,1157612,"-8,12,-8,6,6",
217130,202990,"-5,8,9,-9,8",
91031,217130,"2,6,7",
269745,275469,"6,4,7",
224231,271481,"-10,10,8,4",
270746,1170609,"8,-8,8,8",
219210,269965,"7,9,-6,4",
1178109,270305,"-8,3,7,7",
222763,231169,"4,3,1",
1173505,276070,"-8,8,-7,8,6",
1182631,271876,"7,-6,-10,3,6",
1177956,1187504,"3,2,2",
271145,279542,"2,4,4",
265334,223150,"-4,10,-9,9,9",
1178109,271145,"-12,8,9,11",
219210,256682,"6,8,7",
222971,221729,"-8,-12,9,5,4",
223760,1178109,"10,5,6",
280003,279696,"9,10,-5,7",
268653,271883,"-7,8,-10,5,8",
222971,1167527,"10,2,8",
271344,1175529,"8,10,2",
286908,224231,"8,-9,-7,5,7",
271061,223759,"10,-7,8,-10,7",
1171728,1178109,"6,10,8",
212806,280414,"5,6,5",
98262,1178802,"5,6,3",
273240,279719,"-7,8,10,-9,6",
231169,1167527,"-11,-9,11,10,6",
274788,276420,"6,7,10",
1177780,279542,"1,8,8",
280315,280002,"-5,7,4,7",
273772,1172858,"7,6,6",
1177006,1175528,"4,-8,8,-8,9",
285516,1180925,"7,-6,0,6",
1171856,270749,"9,3,7",
1170998,1170751,"8,6,9",
1171128,230237,"9,-8,7,-3,13",
1182217,1177045,"6,3,8",
1176627,1174330,"10,5,10",
223760,280415,"-3,12,8,-4,9",
230237,1171127,"8,-8,10,-12,8",
275469,1178555,"7,8,-7,12",
1173505,1174369,"-6,-5,9,6,5",
1171853,269985,"6,-9,8,8",
274722,1173507,"7,8,-10,7",
1188335,269745,"7,3,10",
1171127,1167527,"5,7,-8,6",
280553,279542,"5,5,8",
221549,219888,"7,-6,7,-9,9",
222763,270083,"7,7,-9,4",
98155,221729,"-6,7,-8,13,7",
256682,270846,"9,10,8",
271482,1176627,"-7,9,-7,10,12",
275037,280414,"9,-4,7,9",
277044,1176859,"7,10,2",
219210,230237,"6,9,-9,8",
256702,1178802,"6,-9,8,-7,9",
279153,230237,"10,-8,6,-8,8",
271149,270746,"11,8,3",
1171728,1171468,"8,-7,8,7",
1177584,256682,"-7,13,-11,8,9",
279820,273377,"6,9,5",
1173259,1175517,"4,5,3",
1171728,1178109,"8,7,-9,5",
1170609,1188335,"5,8,-5,9",
221729,1171643,"9,6,9",
268640,1182217,"9,11,6",
1182632,1180010,"3,8,8",
271061,270911,"4,-8,4,2",
271149,221549,"-10,-14,5,6,12",
272586,271481,"4,-4,8,-10,6",
270746,1179199,"-7,10,-4,7,5",
217865,1171856,"8,-5,-6,1,7",
1170759,270703,"-10,6,4,-10,4",
1171127,279153,"-9,3,11,5",
274722,1173505,"3,4,4",
274722,1173259,"3,5,8",
1167521,222276,"3,7,-6,6",
280003,1184174,"3,5,3",
211614,222837,"-11,7,7,-9,4",
1166449,211614,"-3,6,10,3",
1173507,1177780,"8,9,8",
1171856,1179844,"-9,6,3,8",
1180429,1175528,"8,8,-10,4",
1182631,271042,"6,8,-9,7",
270889,1172852,"-8,9,6,5",
1188335,268653,"8,6,-11,-9,5",
96633,221729,"9,5,10",
270911,1168206,"10,6,-6,-9,4",
274722,273411,"3,-7,11,-7,4",
198566,215307,"-5,14,-5,7,7",
1175528,1176859,"9,8,5",
271149,271042,"9,5,4",
217865,1176480,"4,6,3",
212114,230429,"6,8,-3,4",
271481,1172655,"-9,9,-9,9,9",
1178555,1174330,"-8,6,-7,12,5",
202990,220032,"-10,7,6,8",
267433,256682,"11,-6,9,7",
221729,268979,"6,7,5",
1173505,280315,"14,7,9",
1173259,271482,"7,9,10",
284190,275101,"11,6,9",
202363,221549,"4,8,3",
1182631,1170751,"8,-9,-7,8,7",
268653,1174330,"9,10,5",
282692,1173507,"9,-6,-8,4,1",
219240,230237,"6,-7,-10,8,7",
264662,1167521,"-6,9,8,7",
274722,219888,"-5,7,8,10",
221549,222837,"5,3,10",
222276,271313,"7,7,7",
222837,1168516,"7,-5,3,-5,6",
283842,1180429,"5,-9,5,12",
1171856,1182631,"5,7,9",
1178109,279803,"3,9,4",
230429,1169576,"9,-6,7,12",
270748,1170998,"10,8,-9,-7,9",
1171728,1157745,"-7,7,7,7",
1177907,1150995,"7,6,9",
275469,1176624,"7,8,9",
274788,285516,"8,5,-7,5",
273642,277044,"3,8,3",
280415,1174369,"4,7,6",
198566,98262,"11,7,5",
1169576,1172655,"2,-8,10,7",
277044,279696,"9,4,4",
270911,271883,"5,5,11",
1180429,1177006,"4,11,8",
222276,280414,"7,7,-7,-7,7",
1164236,211614,"11,-5,9,3",
268979,283842,"6,11,-8,-7,4",
256682,1171128,"9,8,8",
1165421,1172858,"6,4,9",
1167521,1157745,"4,6,6",
271178,271145,"-9,-8,10,6,5",
279153,270083,"-10,7,3,-4,8",
94880,279153,"4,3,5",
1180010,1180947,"7,-9,4,-7,9",
1177907,280414,"-11,5,9,9",
270703,277441,"9,6,6",
275469,268752,"6,5,2",
280414,1176627,"4,4,4",
1173259,280491,"-9,3,1,3",
220032,221549,"5,8,8",
1171292,269745,"-8,11,8,7",
271149,1166449,"12,6,10",
271061,1171874,"4,7,8",
262852,1157612,"9,9,-4,8",
270911,219191,"7,-8,10,-9,9",
212806,221549,"-10,-7,7,8,7",
202029,230805,"8,6,5",
280414,275037,"-8,12,-8,6,7",
277044,285516,"-9,9,3,-5,10",
275037,274722,"4,-5,11,7",
1177907,230805,"-7,5,7,10",
1171107,1179199,"-4,9,-6,9,9",
269985,1167527,"9,7,-5,6",
1171127,1171643,"-9,-10,4,7,9",
274683,272825,"7,-11,9,8",
202363,98262,"6,12,-6,-7,6",
221549,269570,"8,-9,4,8",
219210,286908,"5,12,9",
230429,271481,"-9,8,8,5",
1167527,1170759,"8,-12,8,13",
275469,1184285,"2,3,4",
274722,268653,"6,9,4",
203271,202363,"-5,-8,7,10,6",
219210,279153,"-9,10,7,6",
1170759,279820,"6,10,9",
1179199,1177780,"7,-12,-6,7,4",
224231,221340,"7,-7,9,7",
273772,1178504,"8,5,7",
1171074,1173499,"4,4,3",
1177584,1171127,"-10,1,9,8",
1177780,279719,"7,4,13",
202990,202754,"-8,8,-4,9,5",
1171107,270889,"8,7,-7,-6,8",
98155,279153,"4,-6,7,6",
271149,265334,"9,-5,9,7",
1177956,273642,"9,9,10",
1177956,284190,"6,3,10",
269570,1182632,"3,6,10",
1171127,1175371,"7,3,7",
198566,97890,"8,-5,6,-3,11",
1171728,282692,"5,-10,10,8",
1169576,272956,"2,-8,8,-2,8",
1171856,271145,"9,-9,8,6",
1182217,270748,"-3,9,12,9",
277441,274995,"13,6,3",
265334,1170374,"4,6,-7,5",
1180429,273642,"-9,11,-9,4,6",
280415,1166449,"3,5,4",
1171853,270725,"-7,-10,7,6,3",
221729,256682,"8,-9,-8,7,8",
273411,270748,"3,-7,-11,7,4",
282692,1180010,"7,-5,8,-9,10",
202029,1178802,"6,7,9",
202754,264093,"-9,5,5,5",
1171127,269985,"-9,8,8,-9,9",
274994,223150,"6,7,8",
271178,273772,"6,1,5",
271145,1157745,"4,6,-8,7",
273382,280002,"5,2,5",
272956,1167527,"6,-11,5,10",
202990,222837,"8,12,7",
274994,271061,"4,7,5",
1174369,271313,"10,-6,9,-8,7",
221549,274994,"9,8,-9,-5,9",
202029,280415,"3,7,3",
1174369,270305,"-6,-8,9,7,7",
268653,263580,"11,9,12",
219210,1171853,"8,9,7",
219240,221729,"5,9,10",
223759,270305,"2,9,6",
270083,1171643,"5,-8,16,1",
198566,217865,"4,12,6",
1182632,270748,"3,5,10",
274722,1188335,"-9,9,7,8",
1171128,267433,"-7,-8,5,8,9",
270393,277441,"-8,5,9,-9,6",
217865,271482,"3,8,5",
224231,221729,"8,6,-7,9",
265334,219888,"-9,9,6,4",
269745,271042,"6,-5,5,8",
1167521,202754,"7,-13,7,-6,8",
270305,270746,"-4,4,8,-9,9",
212806,1174330,"8,2,3",
1157612,271061,"11,8,9",
1178504,1177045,"8,4,-4,3",
275392,273382,"-7,7,9,8",
1174324,1184174,"2,5,6",
262852,270746,"8,6,18",
271984,274788,"9,4,8",
286908,222763,"-9,10,6,8",
270305,1170374,"-10,8,6,7",
1157612,262852,"9,9,-9,-5,11",
267433,1171853,"5,4,-4,-7,9",
1173507,273772,"3,9,-9,6",
270846,1171643,"7,5,-6,-9,9",
271482,279803,"-7,6,8,3",
273382,1182217,"8,6,2",
1171874,1184285,"1,5,4",
274722,270889,"8,-13,6,8",
276070,1182217,"10,-6,8,-8,12",
1177956,279485,"-8,9,12,14",
270725,231169,"10,-9,9,-7,9",
1175529,274683,"8,8,12",
282692,1174369,"4,3,5",
219888,1176627,"5,-10,-11,9,7",
279485,1179836,"7,6,4",
271876,1176535,"9,8,8",
256682,1171127,"6,10,10",
1165421,280414,"-3,3,8,6",
1171853,1177956,"6,3,6",
270911,280553,"4,1,2",
271145,223759,"6,-9,8,6",
270911,221549,"10,4,9",
280507,1184285,"3,2,6",
1176624,279542,"7,8,5",
270911,279803,"8,9,11",
270749,280491,"9,-7,-9,6,9",
1167527,1172655,"2,-8,8,5",
279153,219240,"7,5,6",
230237,1175371,"-9,9,9,11",
1171128,1172655,"3,8,8",
1177045,273088,"-9,9,-9,9,9",
1167521,262852,"-9,4,9,6",
277044,280003,"6,-8,5,4",
196123,1171665,"7,9,-10,4",
256682,224231,"-7,11,-5,1,6",
1171643,283842,"4,4,13",
1173259,1157745,"-7,8,-8,5,11",
1176480,1169772,"3,9,7",
222971,279153,"-11,6,5,5",
280002,280507,"4,7,9",
1170609,1173499,"3,-10,8,6",
1171292,1177907,"7,8,10",
1180947,1184285,"2,3,1",
1157745,1178109,"6,10,4",
1170759,271481,"7,-6,8,7",
256702,270911,"5,-10,8,12",
1176700,1177006,"4,-5,7,6",
272060,270725,"9,11,9",
93758,97890,"6,9,9",
1167521,270746,"-8,9,9,3",
1171074,223759,"-9,8,12,9",
219210,212114,"-7,7,-7,9,7",
1171853,279820,"7,8,-2,-2,6",
280414,270911,"6,-8,9,-7,3",
271145,219888,"3,-7,8,8",
1171728,1168206,"5,9,-9,6",
198566,211614,"4,2,3",
280315,280553,"3,7,10",
271425,1170609,"5,4,-9,5",
1174330,1178109,"-9,9,-10,9,5",
275101,1174324,"10,4,4",
283842,1177956,"9,5,2",
1167521,221549,"-12,6,7,9",
202990,202029,"11,6,-6,4",
1171468,256702,"4,-10,9,9",
1175371,270393,"8,7,3",
1177907,1171074,"5,9,-9,9",
1168206,1180952,"5,2,-4,-10,5",
202754,262852,"8,8,5",
1164236,98266,"-5,5,8,3",
268979,270703,"5,-8,4,-7,8",
223759,274722,"-6,7,8,4",
265334,219888,"6,8,-10,5",
1174330,270748,"8,6,-11,11",
1182632,1173505,"9,-7,5,-12,4",
270911,1171728,"-8,9,5,-9,7",
212114,221340,"9,8,10",
269965,224231,"8,6,-9,-6,7",
270725,272825,"7,2,7",
1171853,272956,"-13,-7,3,6,9",
1172655,270846,"-7,-9,5,9,14",
92550,286908,"7,9,9",
212806,1178109,"2,7,7",
220032,202754,"-10,4,3,-8,6",
286908,219210,"-8,7,9,8",
98266,280415,"-9,5,9,-11,4",
231169,1175630,"9,3,6",
1178802,1170609,"3,8,-10,9",
1171074,222837,"-5,5,10,3",
1180010,275469,"9,-9,9,-11,9",
285516,279485,"7,7,13",
1168206,1188335,"9,10,1",
267433,272956,"6,4,7",
202754,222276,"4,-5,-8,4,7",
93758,91031,"9,7,-8,-8,8",
221549,1165421,"10,-5,11,-6,3",
1171127,1175630,"5,-11,17,5",
215307,1171292,"12,-7,4,-7,9",
224231,279820,"2,8,-9,7",
219240,1172655,"7,2,-10,2",
274788,284190,"6,5,7",
270083,1167527,"4,7,-6,-4,9",
270725,271344,"-5,9,10,8",
1171074,223760,"9,5,6",
1188335,268640,"5,9,-7,-7,9",
1150995,264662,"-9,-7,6,7,3",
270083,272586,"3,6,6",
271149,271883,"8,10,7",
1169576,231169,"2,7,9",
217130,217235,"9,-3,-7,13,9",
269965,92550,"-10,8,8,8",
256702,271149,"-5,8,8,10",
280553,1177045,"6,-4,-6,3,12",
280315,1176624,"12,-13,6,7",
271042,271876,"6,3,9",
1171127,267433,"7,-9,11,14",
231169,223243,"-9,5,-9,9,9",
273411,1182217,"8,7,6",
268653,275469,"7,5,5",
196123,1175371,"7,9,-10,5",
283842,1177956,"4,6,8",
268979,223243,"4,7,4",
276420,1178256,"3,5,-9,-6,7",
1184174,1177793,"7,10,8",
283842,270725,"3,-6,9,-8,8",
276158,1180925,"3,5,7",
277441,275101,"1,1,8",
202754,1171292,"9,8,-6,-8,8",
91031,223150,"2,4,5",
273642,1175528,"-9,9,8,5",
280414,223759,"-7,-8,9,6,5",
271875,279696,"6,-11,7,7",
270753,275469,"6,8,2",
263580,1179844,"7,-6,9,-6,14",
217235,198566,"8,5,-8,7",
1170759,269965,"8,-4,-6,7,10",
268640,263580,"8,6,6",
1165421,271876,"3,4,8",
1178256,280001,"5,-6,-7,7,5",
270889,270749,"4,4,-9,6",
270911,1171856,"8,-8,8,7",
271425,271890,"8,7,5",
280315,280507,"7,-15,6,6",
279820,270725,"5,9,-10,7",
1171643,1171128,"6,10,6",
270846,1168381,"5,3,12",
1174545,271042,"7,5,6",
221340,1172655,"-7,9,-9,12,7",
1169576,1168381,"9,4,9",
286908,219210,"-12,5,-8,8,9",
96633,92550,"-6,6,8,-8,9",
1157745,1174330,"8,8,8",
230429,221729,"-9,8,4,6",
270749,275113,"1,13,3",
222763,1175371,"-10,6,9,8",
217865,280491,"8,3,7",
270746,275469,"9,2,7",
270911,1170609,"-7,11,7,9",
1168516,1170609,"-10,8,9,9",
1157612,271061,"8,7,3",
1171856,219888,"-3,4,8,7",
1177907,1167521,"6,9,9",
273642,274995,"3,-8,6,-8,6",
275469,273411,"11,-9,9,7",
1171856,1173259,"10,8,-10,8",
217865,264662,"3,-9,4,1",
1180429,271875,"-9,9,8,7",
270846,231169,"6,-9,11,-7,4",
262852,270911,"4,-9,5,9",
279719,1172200,"8,9,10",
220032,275469,"1,2,5",
275392,280553,"6,5,-8,9",
1170759,272586,"9,7,-4,-5,11",
1150995,265334,"6,5,7",
1171643,1173728,"8,5,4",
219888,223759,"7,8,-8,11",
1165421,256702,"2,8,7",
1173728,277044,"8,5,3",
230805,217865,"-8,-3,6,4,8",
222763,256682,"8,6,10",
1167521,280414,"4,6,-9,9",
1165421,223760,"5,-9,6,7",
270748,271042,"3,8,11",
1157612,1132147,"11,6,-9,8",
217865,274994,"6,7,7",
284190,1175528,"7,-6,8,8",
202363,198566,"8,8,-8,-8,8",
93758,220032,"4,4,8",
1171643,1168381,"-7,10,9,9",
224231,269965,"9,4,-8,9",
223759,275469,"9,6,2",
272586,1171128,"12,-9,6,9",
230805,1164236,"5,8,-7,-12,8",
279153,271481,"9,9,6",
98155,272956,"1,5,6",
217130,1174369,"3,0,8",
282692,1178504,"8,5,-7,8",
1172858,1180010,"4,6,-7,-8,9",
282692,1184285,"3,1,1",
220032,274994,"-11,8,5,6",
92550,223243,"6,5,7",
1175517,268752,"-7,9,9,10",
256702,269570,"-9,-8,8,12,9",
84904,217235,"6,9,9",
273642,1174324,"6,6,8",
274995,275101,"4,-10,8,11",
271042,1175517,"6,11,10",
203271,202990,"8,10,2",
267433,270083,"-7,11,11,9",
279820,224135,"-7,8,9,-8,4",
1177045,1176535,"-6,11,6,6",
217130,222276,"-9,-9,3,8,9",
221340,196123,"4,11,5",
271042,273411,"-3,8,-6,5,9",
262852,268653,"6,9,8",
277441,283842,"-4,10,-4,9,6",
1170751,276426,"7,6,9",
1171128,219240,"2,7,5",
84904,220032,"4,4,3",
270725,1177006,"-11,7,-10,6,8",
217235,1169772,"2,4,6",
203271,270911,"3,9,10",
268979,272060,"-8,-7,6,8,5",
272973,277358,"5,7,3",
271482,270748,"-9,-10,10,9,6",
92550,222971,"7,10,7",
278584,1178504,"-12,-4,9,3,6",
220032,1164236,"9,6,6",
202754,98266,"5,11,9",
1180429,276420,"6,9,9",
1171665,1170759,"10,8,8",
221549,1168516,"12,11,5",
1182632,1173505,"-8,-6,6,6,8",
286908,267433,"3,7,7",
1178504,280315,"8,6,8",
275469,1169772,"8,8,-8,-8,8",
275469,1170751,"10,6,-6,7",
221549,268653,"9,2,7",
98262,220032,"8,-6,10,9",
1174545,275469,"6,9,7",
270393,271984,"10,6,4",
277441,273642,"8,8,6",
271344,270703,"8,8,6",
198566,202029,"-10,-6,8,8,8",
217865,221549,"6,-9,5,6",
279803,1171107,"-7,7,9,-4,4",
1174369,278584,"-7,-4,11,9,8",
1179844,271178,"8,7,-3,8",
219210,219240,"8,6,3",
1173728,1180429,"10,1,9",
272825,1174324,"9,8,4",
270746,273411,"4,-7,6,10",
276420,275101,"9,9,9",
271482,273240,"9,5,11",
256682,270083,"-10,8,10,9",
1171856,1164236,"-9,3,8,-10,7",
1179199,1179844,"4,8,10",
280553,1178952,"8,6,9",
1178109,1182632,"-9,7,4,8",
1171292,256702,"9,-8,7,7",
1173507,280491,"8,8,4",
1171127,1175529,"3,5,6",
271482,1174545,"-8,6,9,-10,9",
267433,1168381,"3,6,4",
1171468,1171107,"6,2,-8,6",
256682,1170759,"-5,-6,10,7,8",
1150995,1167521,"13,7,10",
270703,1176859,"12,7,4",
1171127,270846,"-5,7,4,8",
271344,270393,"11,-5,-8,7,8",
1178109,282692,"-13,5,4,4",
222815,1171127,"-9,7,7,10",
283842,272060,"13,6,7",
1175371,231169,"10,13,-11,7",
1171665,1177584,"-7,8,-9,8,8",
279542,1184285,"5,4,9",
268979,274683,"8,6,-8,5",
271482,280315,"2,7,4",
270083,230429,"11,8,6",
1165421,1171856,"8,10,9",
1171728,271061,"18,5,13",
1188335,271145,"9,9,-4,7",
223150,219888,"-9,6,11,-10,6",
1182631,280491,"6,-6,7,6",
1171107,282692,"6,8,6",
1167521,270305,"5,6,7",
1173499,1178952,"8,-6,-8,9,9",
1174330,1173499,"3,6,7",
269745,274722,"8,4,-11,9",
286908,222971,"-2,12,9,7",
271061,1171856,"-9,-8,8,7,3",
217865,1171074,"4,5,9",
202990,1164236,"4,4,2",
279485,271875,"6,8,-4,-5,5",
280507,284388,"7,4,8",
274995,271875,"10,-11,6,8",
271061,270911,"-6,9,8,7",
1132147,1178109,"9,-13,4,2",
256702,275469,"6,6,9",
215307,1177907,"13,5,-1,6",
1178555,280315,"9,8,6",
271344,271984,"-7,2,7,10",
279803,270305,"6,8,8",
1180010,271178,"-8,8,8,8",
256702,268640,"6,6,4",
270746,273411,"9,-7,8,-11,4",
271149,263580,"5,6,6",
223759,1168516,"9,9,7",
1171853,223243,"3,12,6",
271482,1173259,"-8,6,-5,7,5",
273382,1173507,"2,6,-5,9",
231169,270393,"-6,5,14,10",
222763,269965,"-6,9,9,5",
1171856,212806,"7,-8,-5,9,9",
217235,256702,"7,9,6",
286908,1171127,"5,-8,7,6",
271061,270911,"9,11,-11,6",
1170374,275469,"9,7,-9,10",
280553,1180947,"-12,-9,7,5,9",
1175529,275101,"7,7,5",
1170759,270083,"8,-6,6,-6,7",
219888,263580,"9,10,3",
270746,265334,"3,5,9",
270753,271876,"-6,6,3,3",
220032,280415,"5,10,8",
271344,1173728,"6,5,6",
271149,1173505,"5,6,5",
271876,1176624,"11,10,-11,-7,9",
97890,265334,"7,6,2",
217865,211614,"2,-3,4,8",
1179844,1170751,"11,-10,6,-9,7",
272586,231169,"9,-5,3,8",
1182631,279542,"7,6,1",
279153,221340,"3,-10,7,9",
273411,1182631,"10,6,7",
1178952,1184285,"6,3,3",
270305,280491,"-8,-7,9,7,10",
279820,270393,"6,9,-3,10",
269965,1171127,"7,9,8",
84904,203271,"11,7,5",
274994,1166449,"8,7,9",
265334,274722,"-11,-15,10,8,10",
272586,274995,"3,5,6",
202363,91031,"-10,-13,8,8,8",
1175630,270393,"8,-9,2,-9,11",
268979,274995,"-10,2,5,8",
224135,272956,"10,5,2",
271344,1177006,"6,10,3",
98155,270083,"2,9,5",
270725,271984,"7,7,2",
270889,1172858,"-11,8,7,5",
262852,1171856,"9,9,-11,-11,2",
270746,271178,"8,6,10",
265334,1169772,"9,8,9",
256702,269745,"-10,9,7,9",
280001,1184174,"9,7,8",
1171728,223150,"8,-7,9,-10,11",
262852,1157745,"5,9,-10,5",
1178109,263580,"6,7,10",
222276,280415,"8,7,2",
270305,268653,"8,-4,9,7",
1178802,1171728,"6,-6,7,-8,8",
221549,1177780,"6,5,2",
267433,268979,"-9,-5,5,7,9",
285516,1178256,"7,16,9",
269570,274722,"-8,10,9,-7,4",
270746,1188335,"4,4,2",
1188335,1182631,"5,6,10",
1177956,1175528,"10,1,8",
271482,1182632,"6,13,6",
1164236,1178109,"3,7,-7,9",
221549,270889,"8,7,4",
1171468,273762,"6,8,5",
285516,1174324,"6,-6,9,-12,7",
270083,270846,"9,5,-9,3",
270083,1171127,"12,9,9",
217130,98262,"3,-10,8,9",
221340,1171128,"5,8,8",
92550,270083,"6,5,-8,4",
283842,274788,"10,10,5",
270748,280491,"4,8,8",
273762,1174369,"8,8,7",
271425,1174545,"8,2,4",
1173499,280315,"5,-6,6,6",
277044,1187504,"2,2,1",
1171074,1157612,"6,5,6",
280415,212806,"6,7,9",
1166449,271482,"11,-8,-9,5,4",
1178802,1176480,"1,8,6",
1182217,1172852,"8,4,-8,-12,10",
279803,269745,"12,-7,6,7",
203271,217235,"-10,4,8,5",
96633,219210,"8,3,9",
270748,1178504,"-8,-6,10,1,6",
269965,1171643,"6,6,6",
277044,284190,"8,9,6",
273772,1182217,"-8,10,4,-8,8",
280415,230805,"11,2,7",
203271,220032,"-7,-10,8,11,7",
217235,202029,"-5,4,-8,6,7",
274788,1181431,"-3,4,6,5",
1180429,274683,"5,10,8",
1171468,280315,"7,5,5",
282692,1173507,"-6,10,-7,8,8",
1177584,1171127,"9,8,9",
273411,1182632,"-7,9,7,9",
271425,273772,"1,7,16",
283842,1187504,"2,0,1",
1180925,1187504,"9,9,-11,9",
1167527,1171128,"5,1,2",
1170759,230237,"8,10,-9,6",
1175371,1171128,"7,-6,5,-5,8",
219191,256702,"9,9,-5,-8,6",
271061,274722,"6,12,10",
271984,279485,"9,9,-6,7",
202990,217130,"10,4,9",
274994,271425,"5,-9,5,4",
280491,277358,"4,6,4",
1180010,1177045,"-9,9,9,9",
270746,223760,"6,-9,4,-7,7",
1175528,1184174,"8,5,2",
1150995,1180952,"5,6,1",
1150995,274994,"6,-9,8,5",
1174369,1177780,"7,3,7",
263580,273772,"9,-6,8,-6,12",
1170751,1173499,"-10,6,8,11",
274683,1180925,"5,5,3",
269985,268979,"-7,17,8,6",
268640,278584,"8,9,-8,-5,9",
223150,1176480,"-9,7,8,6",
217130,217865,"5,7,11",
219240,274995,"1,2,8",
1188335,271876,"3,5,6",
280491,273240,"8,8,3",
270911,1173259,"8,9,-8,5",
217235,98266,"6,6,5",
230237,1171853,"-8,7,-6,12,5",
274995,276420,"-7,8,9,10",
271876,1178952,"-9,4,4,9",