Tournament_Id,Full Name,USATT#,Begin Rating,Pass 1,Pass 2 Rated Adjustment,Pass 2,Skip Pass 3,Pass 3,Pass 4
10,Ali Afrakhteh,275469,1602,1930,1913,1602,NO,1913,1900
10,Samuel Altshuler,1169772,1965,1888,1965,1965,NO,1965,1945
10,Vraj Amin,271425,2105,2093,2105,2105,NO,2105,2125
10,Daniel Anteneh,1174545,2071,2052,2071,2071,NO,2071,2057
10,Satya Aspathi,286908,-1,-1,-1,2307,NO,2307,2345
10,Akshara Badri,219240,2050,2141,2165,2050,NO,2165,2189
10,Sreysht Badrinarayanan,1182217,1940,1789,1940,1940,NO,1940,1819
10,Krish Balaji,1171107,1968,1949,1968,1968,NO,1968,1988
10,Tanish Balamurugan,230805,2269,2291,2269,2269,NO,2269,2296
10,Tanisha Balamurugan,274995,1528,1533,1528,1528,NO,1528,1539
10,Pradyun Banala,1176627,2119,2067,2119,2119,NO,2119,2112
10,Samrat Bandapally,263580,1866,1872,1866,1866,NO,1866,1879
10,Ahan Beniwal,271883,2016,1959,2016,2016,NO,2016,1965
10,Jayden Cai,262852,2274,2280,2274,2274,NO,2274,2290
10,Varin Chandra,1170751,2021,1791,2021,2021,NO,2021,1855
10,Vivaan Chandra,1170374,1979,1943,1979,1979,NO,1979,1948
10,Natalie Hanchien Chang,1180429,1673,1597,1673,1673,NO,1673,1611
10,Ishaan Chathlani,1180947,1684,1631,1684,1684,NO,1684,1631
10,Sophie Chee,285516,1428,1378,1428,1428,NO,1428,1418
10,Adele Chen,1176859,1152,1144,1152,1152,NO,1152,1165
10,Alice Chen,1171853,1965,1974,1965,1965,NO,1965,1980
10,Blandon Chen,280553,1275,1376,1438,1275,NO,1438,1479
10,Conner Chen,1168206,1891,1908,1891,1891,NO,1891,1962
10,Harrison Chen,1188335,-1,-1,-1,2029,NO,2029,2052
10,Hildy Chen,279153,2266,2216,2266,2266,NO,2266,2233
10,Ke Yu Chen,271313,1877,1821,1877,1877,NO,1877,1864
10,Kyler Chen,1167521,2296,2325,2296,2296,NO,2296,2328
10,Sophia Zhuo-yao Chen,221729,2140,2131,2140,2140,NO,2140,2159
10,Jack Cheng,270749,1914,1929,1914,1914,NO,1914,1930
10,Max Cheng,270748,1849,1887,1849,1849,NO,1849,1894
10,Liora Cheung,1172655,1967,1971,1967,1967,NO,1967,1981
10,Evan Chiu,1173499,1745,1745,1745,1745,NO,1745,1746
10,Dhruv Chopra,212806,2243,2228,2243,2243,NO,2243,2241
10,Amery Cui,272956,1966,1981,1966,1966,NO,1966,1981
10,River Dai,1178802,2169,2192,2169,2169,NO,2169,2192
10,Aarav Desai,269570,2125,2147,2125,2125,NO,2125,2170
10,Tanvi Desai,1169576,2069,2067,2069,2069,NO,2069,2071
10,Vihaan Desaraju,1179199,1908,1931,1908,1908,NO,1908,1933
10,Raymond Ding,279542,758,758,758,758,NO,758,758
10,Evan Dong,1171856,2179,2264,2249,2179,NO,2249,2260
10,Natalie Dong,231169,1958,1952,1958,1958,NO,1958,1960
10,Kevin Doyle,1171074,2280,2359,2369,2280,NO,2369,2395
10,Mu Du,202754,2319,2357,2319,2319,NO,2319,2361
10,Dhruv Dusad,1168516,2140,2127,2140,2140,NO,2140,2131
10,Kanika Dusad,276158,1661,1636,1661,1661,NO,1661,1636
10,Moataz Elmallah,1177780,1685,1692,1685,1685,NO,1685,1734
10,Daniel Feng,1172852,1818,1821,1818,1818,NO,1818,1837
10,Dariah Feng,224231,2291,2217,2291,2291,NO,2291,2241
10,Jingfan Feng,219191,2140,2149,2140,2140,NO,2140,2168
10,William Feng,222276,2384,2317,2384,2384,NO,2384,2329
10,Amy Jinju Ferreira,273377,1798,1777,1798,1798,NO,1798,1780
10,Noah Ferreira,273088,1315,1305,1315,1315,NO,1315,1313
10,Sophia Jina Ferreira,1177551,1290,1188,1290,1290,NO,1290,1233
10,Carlough Francis,264662,2210,2248,2210,2210,NO,2210,2250
10,Krish Gandhi,202990,2473,2458,2473,2473,NO,2473,2470
10,Siya Gangrade,1179836,982,981,982,982,NO,982,981
10,Isabella Gao,283842,1945,1880,1945,1945,NO,1945,1888
10,Richik Ghosh,273762,2059,2099,2059,2059,NO,2059,2147
10,Kayla Goodwin,92550,2366,2339,2366,2366,NO,2366,2347
10,Gowri Gopikrishna,1184174,843,841,843,843,NO,843,841
10,Anav Gupta,202363,2487,2499,2487,2487,NO,2487,2506
10,Rhea Gupta,1176700,1452,1513,1513,1452,NO,1513,1567
10,Angela L He,1171665,2046,2097,2097,2046,NO,2097,2127
10,Ryan He,1176535,1521,1538,1521,1521,NO,1521,1538
10,Xianliang He,256702,2245,2186,2245,2245,NO,2245,2221
10,Xianyao He,203271,2427,2492,2492,2427,NO,2492,2536
10,Shloak Hiremani,270305,2054,1998,2054,2054,NO,2054,2047
10,Daniel Ho,271042,1817,1832,1817,1817,NO,1817,1842
10,Titus Ho,271178,1877,2004,2016,1877,NO,2016,2030
10,Beier Hsiung,1177956,1583,1567,1583,1583,NO,1583,1567
10,Stanley Hsu,97890,2547,2427,2547,2547,NO,2547,2466
10,Jolie Hu,1180925,803,790,803,803,NO,803,804
10,Joseph Hu,273240,1578,1541,1578,1578,NO,1578,1547
10,Joshua Hu,1184285,498,498,498,498,NO,498,498
10,Yuhan Hu,271984,1372,1377,1372,1372,NO,1372,1377
10,Adela Huang,270703,1924,1859,1924,1924,NO,1924,1877
10,Andrew Huang,1171728,2165,2198,2165,2165,NO,2165,2214
10,Danica Huang,1175371,2017,2109,2141,2017,NO,2141,2147
10,Elysia Ji Huang,1177584,1948,2044,2082,1948,NO,2082,2113
10,Holly Huang,277441,1677,1694,1677,1677,NO,1677,1709
10,Sayan Jafarali,271149,2131,2186,2186,2131,NO,2186,2182
10,Arnav Jain,198566,2404,2456,2456,2404,NO,2456,2477
10,Faith Jeng,1177006,1799,1714,1799,1799,NO,1799,1714
10,Jaden Jia,221549,2210,2232,2210,2210,NO,2210,2251
10,Jason Jiang,1178952,1407,1358,1407,1407,NO,1407,1388
10,Emma Jiao,271481,2018,2010,2018,2018,NO,2018,2015
10,Ethan Jiao,271482,2100,2121,2100,2100,NO,2100,2157
10,William Jin,1174369,1952,1990,1952,1952,NO,1952,2003
10,Yudi Jin,270083,2138,2259,2237,2138,NO,2237,2227
10,Isabella Maria Joseph,271344,1883,1903,1883,1883,NO,1883,1903
10,Joshua Dinu Joseph,1157745,2104,2098,2104,2104,NO,2104,2101
10,Rian Kale,1178555,1894,1777,1894,1894,NO,1894,1839
10,Anagha Kasichainula,256682,2195,2196,2195,2195,NO,2195,2243
10,Ananya Khuntia,269985,2041,2015,2041,2041,NO,2041,2021
10,Shriya Kodaty,279485,1184,1177,1184,1184,NO,1184,1178
10,Siddharth Kodaty,276426,1664,1658,1664,1664,NO,1664,1658
10,Jacob Kordus,1171468,2252,2225,2252,2252,NO,2252,2241
10,Geetha Krishna,224135,2075,2037,2075,2075,NO,2075,2052
10,Shrirang Krishnaprasad,269745,2143,2014,2143,2143,NO,2143,2073
10,Prabhas Lanka,1178504,1851,1812,1851,1851,NO,1851,1826
10,Jintao Lee,1174330,2020,1948,2020,2020,NO,2020,1985
10,Aaron Li,273382,1890,1871,1890,1890,NO,1890,1889
10,Andy Runze Li,1177907,2329,2345,2329,2329,NO,2329,2356
10,Ryan Li,1176624,1615,1555,1615,1615,NO,1615,1588
10,Ryan Lin,220032,2409,2452,2409,2409,NO,2409,2459
10,Yishiuan Lin,230429,2213,2200,2213,2213,NO,2213,2209
10,Sophia Ling,1175630,1513,1603,1750,1513,NO,1750,1789
10,Amber G Liu,212114,2229,2188,2229,2229,NO,2229,2210
10,Bella Liu,1177793,550,550,550,550,NO,550,550
10,Eason Liu,1173505,1860,1876,1860,1860,NO,1860,1881
10,Justin Liu,1164236,2293,2304,2293,2293,NO,2293,2316
10,Eva Liung,223243,1867,1852,1867,1867,NO,1867,1852
10,Austin Lo,280414,2288,2227,2288,2288,NO,2288,2244
10,Benjamin Lo,280415,2244,2267,2244,2244,NO,2244,2279
10,Riaan Lodha,276070,1816,1849,1816,1816,NO,1816,1869
10,Tiffany Lu,1175529,1570,1573,1570,1570,NO,1570,1573
10,Alex Luo,202029,2456,2463,2456,2456,NO,2456,2485
10,Isabella Luo,267433,2163,2131,2163,2163,NO,2163,2165
10,Adelaide Luter,272825,1409,1425,1409,1409,NO,1409,1425
10,Evelyn Ma,272060,1948,1944,1948,1948,NO,1948,1944
10,Allen Mao,270746,2048,2200,2174,2048,NO,2178,2156
10,Jason Mei,270753,1923,1886,1923,1923,NO,1923,1917
10,Amoolya Jayadas Menon,221340,2129,2204,2215,2129,NO,2215,2218
10,Shreyan Modak,280491,1562,1588,1562,1562,NO,1562,1589
10,Max Mouchinski,1150995,2318,2324,2318,2318,NO,2318,2331
10,Sally Huang Moyland,94880,2515,2517,2515,2515,NO,2515,2518
10,Mabel Mu,274788,1432,1480,1432,1432,NO,1432,1481
10,Mohammed Yasin Musthafa,219888,2201,2085,2201,2201,NO,2201,2128
10,Nandan Naresh,84904,2623,2598,2623,2623,NO,2623,2602
10,Anna Naumova,1173728,1526,1591,1591,1526,NO,1591,1629
10,Daniel Ni,223150,2104,2128,2104,2104,NO,2104,2128
10,Kef Noorani,217865,2432,2315,2432,2432,NO,2432,2337
10,Gaurkeshav Padmanaban,271890,1773,1765,1773,1773,NO,1773,1799
10,Rishab Pandey,272973,1317,1372,1372,1317,NO,1372,1420
10,Akshan Paudel,1172200,1637,1587,1637,1637,NO,1637,1587
10,Lucas Sun Peng,270889,1935,1927,1935,1935,NO,1935,1941
10,Avighn Pinninti,275113,1891,1866,1891,1891,NO,1891,1866
10,Tashiya Piyadasa,222763,2300,2350,2350,2300,NO,2350,2375
10,Tiana Piyadasa,1170759,2243,2086,2243,2243,NO,2243,2154
10,CHIRAG PRADHAN,274994,2273,2279,2273,2273,NO,2273,2292
10,Rachel Purwar,1168381,2088,2033,2088,2088,NO,2088,2033
10,Vishruth Raghuram,284388,1701,1641,1701,1701,NO,1701,1641
10,Abivridh Ram,275392,1320,1484,1677,1320,NO,1677,1771
10,Akhil Ramakrishnan,279803,1850,2060,2038,1850,NO,2038,2017
10,Ishan Rangdal,268640,1927,1979,1979,1927,NO,1927,1975
10,Rhea Rao,271875,987,1038,1038,987,NO,1038,1065
10,Rishab Rao,271876,1808,1829,1808,1808,NO,1808,1838
10,Olin Rupchin,1176480,2092,2038,2092,2092,NO,2092,2052
10,Husen Saidov,215307,2305,2326,2305,2305,NO,2305,2328
10,Srinithi Saravanan,270393,1720,1698,1720,1720,NO,1720,1733
10,Arinjoy Sarkar,280507,1190,1284,1380,1190,NO,1380,1445
10,Sumedh Seetharaman,1166449,2137,2130,2137,2137,NO,2137,2137
10,Saivaishnav Senthilkumar,1173259,2253,2102,2253,2253,NO,2253,2174
10,Yashraj M Shah,217130,2434,2476,2434,2434,NO,2434,2483
10,Anya Shanbhag,1171127,2075,2100,2075,2075,NO,2075,2162
10,Mira Shanbhag,279696,1105,1010,1105,1105,NO,1105,1074
10,Aiden Shao,1168156,1425,1425,1425,1425,NO,1425,1425
10,Leo Shao,1173507,2026,1901,2026,2026,NO,2026,1950
10,Siddharth Sharma,1179844,1892,1844,1892,1892,NO,1892,1916
10,Charles Shen,217235,2330,2442,2464,2330,NO,2464,2481
10,Zichun Shen,272586,2028,2131,2138,2028,NO,2138,2138
10,Aria Shi,222815,2239,2220,2239,2239,NO,2239,2235
10,Jolie Shi,1178256,985,980,985,985,NO,985,1022
10,Abhinav Shirbhate,265334,2140,2099,2140,2140,NO,2140,2149
10,Yug Sinha,280315,1497,1556,1556,1497,NO,1556,1593
10,Vishal Sivakumar,1171292,2375,2312,2375,2375,NO,2375,2312
10,Shreya Srinivasan,277044,1057,1224,1399,1057,NO,1399,1452
10,David Jinxuan Su,268653,2010,2007,2010,2010,NO,2010,2013
10,Oscar Su,273772,1821,1905,1918,1821,NO,1918,1930
10,Thomas Sui,270911,2208,2201,2208,2208,NO,2208,2218
10,Lucia Sun,230237,2187,2146,2187,2187,NO,2187,2169
10,Ryan Ruixuan Tao,1170609,2193,2000,2193,2193,NO,2193,2109
10,Ishaan Thakkar,278584,1923,1894,1923,1923,NO,1923,1894
10,Daniel Tran,91031,2589,2546,2589,2589,NO,2589,2548
10,Zoe Truong,284190,975,1095,1196,975,NO,1196,1268
10,Darryl Tsao,98262,2515,2474,2515,2515,NO,2515,2481
10,Rithik Veerasikku,1180952,1740,1788,1740,1740,NO,1740,1788
10,Shriraam Aru Velayutham,223760,2130,2199,2199,2130,NO,2199,2242
10,Sivaraam Aru Velayutham,223759,2100,2144,2100,2100,NO,2100,2202
10,Priya Venkateraman,1171128,2273,2042,2273,2273,NO,2273,2127
10,Shreya Venkateraman,1171643,2096,2132,2096,2096,NO,2096,2151
10,Alina Wang,1187504,628,626,628,628,NO,628,626
10,David Wang,280002,1252,1319,1319,1252,NO,1319,1374
10,Derek Y Wang,1172858,1996,1947,1996,1996,NO,1996,1967
10,Elwin Wang,1182631,1762,1889,1942,1762,NO,1942,1954
10,Ethan Wang,271145,2167,2104,2167,2167,NO,2167,2097
10,Faye Wang,1181431,749,907,1105,749,NO,1105,1150
10,Jenny Wang,196123,2073,2075,2073,2073,NO,2073,2092
10,Rachel Wang,96633,2350,2362,2350,2350,NO,2350,2367
10,Stefanie Wang,280001,1013,999,1013,1013,NO,1013,999
10,Lance Wu,1178109,2053,2053,2053,2053,NO,2053,2071
10,Lucas Wu,275037,2214,2217,2214,2214,NO,2214,2227
10,Vincent Wu,273411,1970,1922,1970,1970,NO,1970,1985
10,Winston Wu,222837,2218,2241,2218,2218,NO,2218,2249
10,Emma Xiao,276420,1316,1313,1316,1316,NO,1316,1314
10,Karina Xiao,273642,1477,1505,1477,1477,NO,1477,1510
10,Rachel Xiao,1175528,1540,1461,1540,1540,NO,1540,1463
10,Victor Xie,93758,2479,2527,2479,2479,NO,2479,2527
10,Rina Xin,274683,1600,1592,1600,1600,NO,1600,1592
10,Isabella Joy Xu,98155,2327,2326,2327,2327,NO,2327,2319
10,Jayden Xu,268752,1472,1468,1472,1472,NO,1472,1471
10,Yuecheng Xu,264093,2006,1996,2006,2006,NO,2006,1996
10,Feng Xue,211614,2213,2208,2213,2213,NO,2213,2209
10,Emma Yang,270846,2152,2105,2152,2152,NO,2152,2110
10,Hudson Yang,274722,1974,2312,2234,1974,NO,2240,2044
10,Joey Yang,1182632,2068,2021,2068,2068,NO,2068,2039
10,Lexie Yang,1174324,1438,1366,1438,1438,NO,1438,1366
10,Sarah Yang,268979,1987,2005,1987,1987,NO,1987,2008
10,Marcus Yao,1132147,2155,2151,2155,2155,NO,2155,2151
10,Melvin Yao,1170998,2077,1995,2077,2077,NO,2077,2027
10,Irene Yeoh,219210,2304,2339,2304,2304,NO,2304,2335
10,Abigail YU,269965,2265,2275,2265,2265,NO,2265,2291
10,Jacob Yu,1175517,1663,1662,1663,1663,NO,1663,1662
10,Mandy Yu,222971,2222,2245,2222,2222,NO,2222,2240
10,Preston NIAN ZE Yu,277358,1535,1400,1535,1535,NO,1535,1441
10,Terrie Yu,1167527,2091,2082,2091,2091,NO,2091,2087
10,Aaron Zhang,1180010,1916,1902,1916,1916,NO,1916,1946
10,Allison Zhang,279820,1872,1939,1939,1872,NO,1939,1971
10,Baron Zhang,282692,1871,1966,1981,1871,NO,1981,1998
10,Joe Zhang,1165421,2221,2276,2276,2221,NO,2276,2293
10,Kevin Zhang,279719,1047,1097,1097,1047,NO,1097,1147
10,Liren Zhang,1157612,2320,2238,2320,2320,NO,2320,2252
10,Jason Zheng,1171874,1791,1811,1791,1791,NO,1791,1811
10,Siyu Zheng,280003,1139,1070,1139,1139,NO,1139,1096
10,Ella Zhou,270725,1872,1872,1872,1872,NO,1872,1875
10,Ethan Zhou,271061,2176,2179,2176,2176,NO,2176,2213
10,Rassi Zhou,275101,1107,1125,1107,1107,NO,1107,1161
10,Raymond Zhu,98266,2363,2319,2363,2363,NO,2363,2325
10,Owen Zou,1177045,1471,1396,1471,1471,NO,1471,1450