USATT#,Name,Rating,Est Rating
10393,John W Potter,1741,
10419,Dhadhie Rachmadi,1781,
10533,James Therriault,2207,
10916,Mark R. Wampler,2006,
10959,Albert R. Weaver,1371,
110466,Greg Bartz,2408,
1131757,Daniel Dreano,1936,
1132007,Pratyush Mohanty,1999,
1132365,Alondra Rodriguez,2281,
1132453,Amanda Li,982,
1150977,Krishnav Singh,1990,
1150978,Rushil Vedantam,1882,
1150994,Arseni Mouchinski,1874,
1150995,Max Mouchinski,2269,
1157449,Andrew Blevens,838,
1157453,Daniel Grecu,1672,
1157628,Isabella W. Zai,1853,
1157745,Joshua Dinu Joseph,2105,
1164236,Justin Liu,2262,
1164626,Brandon Flory,965,
1165054,Walter Harris,1725,
1165105,Satvika Upperla,944,
1165117,Elijah Reidt,1233,
1165421,Joe Zhang,2220,
1165422,Ben Zhang,2229,
1165461,Richard B Larrumbide,1413,
1165615,Fei-Lian Zhang,2064,
1166389,Rayyan Mamdani,1776,
1166449,Sumedh Seetharaman,2129,
1167093,Abdul Syed Musthafa,1448,
1168381,Rachel Purwar,2177,
1168382,Sarika Kannan,1437,
1168383,Riley Woo,1513,
1168516,Dhruv Dusad,1930,
1168670,Kaung Khin,1401,
1169576,Tanvi Desai,2031,
1169772,Samuel Altshuler,1829,
1169913,Shaun Floyd,1446,
1170064,Jim Chase,1105,
1170374,Vivaan Chandra,1873,
1170443,Megan Cui,1646,
1170609,Ryan Ruixuan Tao,1970,
1170751,Varin Chandra,1895,
1170759,Tiana Piyadasa,2165,
1170842,Bethany Zhou,1991,
1171106,Balakrishnan Balaji,1776,
1171107,Krish Balaji,1854,
1171127,Anya Shanbhag,1998,
1171128,Priya Venkateraman,2217,
1171225,Pranay Ayalasomayajula,1772,
1171226,Indraniel Conjeevaram,373,
1171292,Vishal Sivakumar,2274,
1171466,Tejas Avadhanula,2029,
1171643,Shreya Venkateraman,1869,
1171665,Angela L He,2103,
1171668,Haibiao Zheng,1845,
1171856,Evan Dong,2131,
1171867,Luya Prasad,1812,
1171941,Benicio Nix,1988,
1171942,James Nix,958,
1172006,Sahasra Ayalasomayajula,551,
1172200,Akshan Paudel,1422,
1172243,Shoaib Moosa,1870,
1172399,Rhoy Xu,1711,
1172476,Nik Uhlir,1409,
1172699,Damian Casanova,1664,
1172775,Linda Bramhall,539,
1172851,Samarth Chythanya,2126,
1173092,Kim Adams-DiPiero,867,
1173129,Yaalini Kathiravan,1865,
1173259,Saivaishnav Senthilkumar,2113,
1173263,Mitch Conroy,2016,
1173539,Takato Tsuchiya,2383,
1173545,Amritshyaam Gautam,1816,
1173728,Anna Naumova,1382,
1173760,Kheith Rhynne Cruz,2489,
1173994,Aditya Shyam,640,
1174062,Yunteng Lin,1390,
1174063,Yuntian Lin,1786,
1174103,Timothy Cudjoe,1894,
1174318,Jake Tang,1802,
1174322,Emma Shi,1160,
1174326,Justin Chang,1456,
1174330,Jintao Lee,1828,
1174369,William Jin,1675,
1174431,Steven Nguyendon,1558,
1174461,Wenwen Hou,1875,
1174545,Daniel Anteneh,1907,
1174609,BERTRAM ANDREWS,1667,
1174611,Alan Kianoff,818,
1174615,Neel Patki,1034,
1174616,RICHARD PIERCE,1205,
1174619,Thomas Shepherd,700,
1174620,Mason Shepherd,1741,
1175139,Philip Kim,1653,
1175146,Knox Vicars,1273,
1175371,Danica Huang,1959,
1175416,Elijah Holtzblatt,1908,
1175430,Max Wang,1272,
1175637,Kyle Fletcher,1299,
1175638,Mcguire Sawyer,1678,
1175782,Yunhao Cui,1410,
1175891,Sally Alexander,736,
1175978,Jason Erhard,691,
1175981,Yosef Lender,1442,
1176049,Shubham Nikhilkumar Trivedi,1390,
1176242,Neha Yerunkar,1703,
1176448,Atharva Arvind,1266,
1176550,Dylan Peiris,1842,
1176555,Arunachalam Vinayagam,1289,
1176556,Vishwanathan Vinayagam,1259,
1176626,Gayatri Swaminathan,2084,
1176627,Pradyun Banala,1850,
1176700,Rhea Gupta,1420,
1176771,Lekha Subbaiah,1447,
1177045,Owen Zou,1312,
1177173,Justin Shi,1518,
1177302,Yizhou Zhao,1650,
1177767,Haowei Xu,1522,
1177768,Ricky Guan,1767,
1177782,Aadi Gulabani,939,
1177832,Adrian Munoz,1296,
1178071,Fukuhara Akio,2452,
1178073,Ahmed Awad,1135,
1178096,Jayden Liu,665,
1178448,Miti Hegde,543,
1178504,Prabhas Lanka,1569,
1178555,Rian Kale,1209,
1178563,Tanuj Talupula,1257,
1178675,Pradeep Kodali,1684,
1178677,Natasha Peiris,1486,
1179018,Justin Kim,1482,
1179255,Ashwin Kodali,1846,
1179256,Samantha Peiris,801,
1179736,Jeromy Loeffler,2528,
1179779,Mustafa Khanani,1255,
1179780,Sheza Khanani,1270,
1180141,Madhav Narla,648,
1180148,Srihaan Sadhu,751,
1180174,John Dipasquale,803,
1180451,Vikas Dusad,985,
1180500,Garrett Lacoste,995,
1180947,Ishaan Chathlani,1481,
1180983,Sriprahan Tellagaddala,1426,
1181160,Jack Lynch,1240,
1181183,Davin Lee,1138,
1181699,Aaron Reckelhoff,1310,
1182089,Yong Guo,1141,
1182428,Terah Hardin,751,
1182438,Saheb Bhatia,1448,
1182631,Elwin Wang,1491,
1182632,Joey Yang,1946,
1182746,Erfan Ramezanpour,2021,
1183304,Scott Godchaux,1329,
1184523,Sohum Bhagwat,1425,
1184533,Addhyan Saxena,1114,
1184629,Artie Goncharov,941,
1184713,HARSHITHA HARI,818,
1184714,Lina Ma,1206,
1185043,Emil Palamaru,1722,
1185321,Zhiwei Fang,0,
1185322,Luyao Ren,0,
11877,Ryan Hoarfrost,2148,
12141,Jay Nelson,1395,
126009,Ishan Jain,2004,
12948,Winfred Addy,2156,
13020,Bin Hai Chu,2244,
13411,Moe Barati,1448,
14730,Manoj Pathak,1757,
14987,Thomas Yost,2050,
16465,Yong Ren,2270,
17161,Maziar Mohammadi,1948,
18298,Reid Greenspan,2078,
18868,Bobby D. Jones,1534,
19484,Phillip Gustavson,1725,
19736,David Landry,2090,
197388,Connor Y Lee,2350,
198570,John G. Chen,2020,
198840,Natalie Chan,2238,
20075,Jon Eric Gustavson,1668,
20101,Dave C. Fullen,1398,
201842,Paul Sample,1402,
202029,Alex Luo,2457,
202987,Andrea Tang,1769,
202990,Krish Gandhi,2488,
202991,Nirali Maniar Gandhi,1977,
203187,Hannah Song,2218,
203221,Gautam Kathiravan,2054,
203231,Kathiravan Tamilvanan,1648,
203245,Wayne Griffin,1335,
20719,Charles Richard Patton,1763,
211647,Jung Ho Park,1886,
211820,Kenai A Rios,2296,
211821,Itziar A A Rios,2235,
211903,Haoran Guan,1650,
211982,Andrew Cao,2586,
212114,Amber G Liu,2258,
21222,Alex Kotlyar,1573,
212806,Dhruv Chopra,2239,
214471,William Wang,1878,
215165,Genelia William,2180,
215306,Hasan Saidov,2419,
215307,Husen Saidov,2294,
215792,Cyndy Meng,1672,
216131,Kash Noorani,2160,
217130,Yashraj M Shah,2366,
217143,Om Narvekar,2207,
217235,Charles Shen,2381,
217364,Yong Wang,1721,
217519,Anup Dholam,1807,
217532,Carmen Yu,2273,
217865,Kef Noorani,2414,
218150,Sargent Kolteryahn,1531,
218158,Wenhu Liu,1670,
218159,H. Q. Yang,1765,
218713,Saatwik Muthukumar,1338,
218830,James Wu,1892,
218837,Medha Krishna,2117,
219191,Jingfan Feng,2056,
219210,Irene Yeoh,2199,
219237,Sai Anish Karthik Sivakumar,2278,
219347,Diyan Shah,2163,
219405,Thomas Tong,2164,
219888,Mohammed Yasin Musthafa,2012,
219904,Bosman Botha,2164,
219958,Luke Wong,1711,
220128,Ryan Chen,1599,
220237,Andrew Jiaqi Chen,1981,
220260,Jordan Duran,1862,
220298,Amina Batkhuyag,2203,
220666,Hong Lin,2525,
220808,Nishant Lebaka,2512,
220824,Kaye Chen,2058,
221078,Ajai Singh,1782,
221166,Nicholas Prou Senturia,1768,
221340,Amoolya Menon,2133,
221549,Jaden Jia,2207,
221595,Kip Chappell,1271,
221939,Nathan To,2083,
221992,Jim Havens,1334,
222064,Bo He,1321,
222276,William Feng,2308,
222517,Kian Wong,1764,
222696,Gang Wang,1688,
222763,Tashiya Piyadasa,2237,
222815,Aria Shi,2210,
22286,Winston Xiaoyong Wang,2185,
222971,Mandy Yu,2282,
223040,Samarveer Singh,1745,
223150,Daniel Ni,2133,
223243,Eva Liung,1831,
223480,Jerry Zhang,2096,
223729,Alex Hwang,969,
223757,Mihika Vangapalli,1589,
223775,Norman Behymer,1605,
224072,Advik Pradhan,1734,
224099,Scott Wood,1744,
224135,Geetha Krishna,2147,
224231,Dariah Feng,2121,
229498,Theodore Thayib,1749,
229635,Alexander Anuraga,1887,
229714,Rohan Bubna,1938,
229780,Spencer Tang,822,
229850,Nathan Britt,1831,
229852,Dylan Alexander Chisolm,1313,
230139,Arnav Mairal,1046,
230237,Lucia Sun,2140,
230772,Sivakumar Arumugam,316,
230779,Aditya Singla,1780,
230805,Tanish Balamurugan,2286,
231177,Sunny Nannee Lin,1867,
231503,Kevin Alexander,1177,
231514,Michael Liu,1611,
231598,Balamurugan Kanagaraj,1259,
24961,Ben Bednarz,1478,
249948,Aaron Oliver,1914,
250233,Stuffy Singer,1379,
25125,Alice Tym,1291,
25344,Ayllon Giladi,2168,
25587,Paul Chang,1666,
256412,Nikhil Chawla,2063,
256702,Xianliang He,2224,
26027,Fangxing (Fran) Li,1908,
262940,Peter Carreon,975,
263284,Jason M Liu,2114,
263580,Samrat Bandapally,1266,
264013,Ananya Singaraju,1852,
264196,Randy Cheng Hui,1575,
264276,Andy Liu,2194,
264543,Tuo Wang,1870,
264662,Carlough Francis,2223,
264741,Runtian Li,1223,
264897,Ewan Zhang,2003,
264944,Ali H Ammar,1945,
265134,Carl M Duvall,1520,
265238,Saicharan Vellanki,2057,
265648,Vincent Guan,2099,
266062,NICHOLAS BEAUPRE,1779,
266075,Tanisha Bala,1353,
266395,Keshav Sridhar,1943,
267187,Gopal Rangdal,1308,
267363,Theo Stephens,1889,
267433,Isabella Luo,2093,
268150,Crystal Lin,1364,
268620,Jace Bennett,1905,
268640,Ishan Rangdal,1811,
268979,Sarah Yang,2026,
269408,Lex Lacson,1696,
269440,Neave Joy,1800,
269570,Aarav Desai,2000,
269745,Shrirang Krishnaprasad,1963,
269822,Robi Lexeme Tan Castillejo,1850,
269965,Abigail YU,2257,
269985,Ananya Khuntia,1922,
270083,Yudi Jin,2113,
270194,Dylan DelCol,1661,
270203,Allen Shen,1771,
270305,Shloak Hiremani,2018,
270393,Srinithi Balaa Saravanan,1602,
270404,Ning Cheng,1839,
270437,Vikhyath (Vik) Bulusu,1852,
270444,Maximilian He,1803,
270494,Ravi Epuri,1142,
270709,Parth Bindal,1538,
270710,Sanyam Bindal,1034,
270725,Ella Zhou,1824,
270832,Lucas Wu,1331,
270836,Xun Liang,1680,
270837,Arsul Ali Dhatwani,1665,
270846,Emma Yang,2014,
270851,Shakthi Sriman Nandhakumar,1997,
270887,Max Liu,1861,
270900,Karthik Kalle,1865,
270905,Avinash Mallavarapu,1455,
270911,Thomas Sui,2023,
270990,Zuoming Li,0,
270991,Kain Li,1725,
271061,Ethan Zhou,2097,
271149,Sayan Jafarali,2026,
271260,Nathan Yu,2071,
271322,Alexander Li,1593,
271344,Isabella Maria Joseph,1735,
271425,Vraj Amin,1979,
271489,James Yang,1675,
271500,Satoshi Kuwahara,956,
271501,Ganna Stolyarova,1271,
271583,Ansh Nair,1786,
271596,Amanda Liu,1825,
271860,Yuri Kuwahara,662,
271875,Rhea Rao,491,
271876,Rishab Rao,1641,
271883,Ahan Beniwal,1972,
271889,Ivan Tsai,1584,
271890,Gaurkeshav Padmanaban,1377,
272059,Oishani Mukherjee,1368,
272196,Vedanth Nambiar,1677,
272224,Nathan Lu,1620,
272422,Zachary Pickett,1769,
272548,Zachary Hendrickson,1234,
272586,Zichun Shen,2111,
272608,Hong Tu,830,
272737,Disha Bhattacharyya,1618,
272825,Adelaide Luter,1313,
272975,Advaith Sriram,1566,
273085,Alton Zhao,2009,
273132,Vihan Bagal,1263,
273218,Armaan Mansuri,1463,
273260,William Roberts,1507,
273411,Vincent Wu,1697,
273646,Collin Wang,1949,
273762,Richik Ghosh,1852,
273772,Oscar Su,1499,
274328,Grant Mikus,953,
274350,Conroy Li,1890,
274466,Rohan R Nair,980,
274555,Temitope Isibor,1462,
274622,Will Galysh,1314,
274683,Rina Xin,1405,
274912,Ira Parande,1266,
274913,Saahaj Gade,1430,
274994,CHIRAG PRADHAN,2136,
274995,Tanisha Balamurugan,1035,
275034,Steve Lotz,1383,
275037,Lucas Wu,2203,
275101,Rassi Zhou,1091,
275200,Alvin Ning,1167,
275290,Chen Xu,1410,
275292,Devansh Bhattacharyya,434,
275303,Linda Stern,1275,
275657,Aubrey Ong,1338,
275694,Stephanie Qin,1816,
275739,Hongxi Lin,1388,
275824,Ming Fangming Yu,1473,
275877,Vihaan Taneja,1759,
275929,Kartikaya Pershad,1457,
275947,Kanishk Nambiar,1425,
275965,Ethan Yizhuo Su,1657,
276158,Kanika Dusad,1280,
276162,Anchit Nayak,604,
276193,Shyue Ping Ong,982,
276426,Siddharth Kodaty,1033,
276520,Jonathan Wang,290,
276539,Matthew Heister,1668,
276835,Anish Hemanth,1402,
276927,Pavlo Savchenko,1765,
277186,Prithvin Pratheep,648,
277242,Zorain Malik,1581,
277246,Arnav Rao,1373,
277359,Tristan Myrick,1218,
277441,Holly Huang,1378,
277491,Ivy Liung,670,
277518,Kim Smith,953,
277519,Patrick Smith,1521,
277526,Camden Kam Yan Cheung,1566,
27767,Stephane Charmot,1843,
277742,Longwen Hua,338,
277839,Shuban Baviskar,905,
278584,Ishaan Thakkar,1732,
278846,Lina Kuwahara,632,
27885,Perry Smith,1453,
278871,Clair Cai,908,
278872,Leo Cai,624,
279170,Simon Enskyy,2143,
279238,Elvin Liu,1575,
279282,Mia Yang,624,
279471,Tripp Roche,1589,
279591,Neel Ganesh,872,
27961,Cameron Luo,1900,
279803,Akhil Ramakrishnan,993,
279820,Allison Yiqiong Zhang,1871,
279916,Averie Zhao,84,
280046,Yonatan Morse-Achtenberg,1662,
280414,Austin Lo,2187,
280415,Benjamin Lo,2244,
280491,Shreyan Modak,388,
280607,Steve Tsao,1075,
281823,Amit Bindal,1180,
281942,Jessica Reyes-Lai,2394,
282199,Ambily James,0,
282569,Omar Fleitas,1529,
282830,Karen Scott,560,
282936,Andrew Palad,572,
283252,Yushi Han,234,
283839,Brandon Lin,0,
283841,Chun Dong,0,
283842,Isabella Gao,0,
283868,Lucas Tao,548,
283878,Yantong Liu,0,
283929,David Duke,0,
284002,Gregg Dennis Gerdau,1643,
284007,Advait Achanta,0,
284008,Erick Bello,0,
284187,Lei Qiu,0,
284188,Linda Wang,0,
284216,Alva Caine,1799,
284225,Xiaoqing Qian,0,
28551,Tony Y. Wu,1901,
29853,Scott Kasson,1197,
30198,Shing-Li Sung,2181,
30199,Tzu-Ying Li,2017,
30833,Yanyan Hao,1253,
31436,CHRISTOPHER KING,1844,
32870,Patty Martinez Wasserman,1833,
32895,Andrew Davis,1958,
33384,Brian Jortner,1832,
33931,Eyen Haq,1319,
34027,Dinu Jose Varghese,2177,
34134,Xiaofeng Guo,1525,
35006,Kerry Knight,1277,
37020,Hau Lam,1830,
3727,Chongsheng Kang,1724,
3836,John B. B. Allen,2001,
3841,Stu Sinykin,1790,
3920,Ronald Joseph Arcaro,1340,
40278,Daniel Goodwin,1880,
4181,Herb Bennett,1200,
42342,David A. Jones,1577,
4373,Bob O. Bowlander,1107,
4485,Homer G. Brown,1854,
45824,Wai M. M. Wong,1929,
4594,Jimmy Butler,2548,
46331,Gail Kendall,822,
49321,Clinton Veach,1581,
5021,Scott Kressner,1727,
50664,Donald B. Hayes,2037,
54175,Yan Jun Ge,1938,
5442,Kurt Douty,1947,
55345,Jian Zhuang,2181,
56456,Jeremy Sneeden,2163,
5710,William K. Farrar,1400,
5724,Steve Federico,1721,
57866,Roger Dickson,1611,
57949,David Fernandez,2256,
58286,Virginia Sung,2245,
58927,Kurtison R. Lynch,1951,
59103,Compton Ross Jr,1673,
59330,Jerry Vasquez,2086,
59922,Tahl Leibovitz,2389,
60268,Roger L. Brown,1037,
61392,Babak Fakharpour,1800,
62073,Leslie R. Colyer-Brown,1091,
62089,Thomas Yu,2181,
6713,Ty Hoff,2110,
70273,Torin Alter,1481,
71260,Donnie Mcginnis,1479,
71560,Irvin Martin,1622,
72193,Kanak A Jha,2797,
74947,Jeff Nguyen,1923,
76235,Amy Wang,2607,
76819,Ruben Guilloty,1459,
77033,Mohammadreza Akhlaghpasand,2584,
78310,Sen Nie,1796,
79092,Tsz Lun (Alan) Chu,2167,
79101,Steve Wang,2183,
79603,Jieru (julia) Wang,1649,
79820,Ashutosh Tamhane,1937,
8005,Attila Malek,2026,
80241,Jordan Yee,2277,
80503,Ian Seidenfeld,2222,
80797,Jozef Simkovic,1650,
81327,Xinhua Yin,1716,
8144,Derek May,2310,
8146,Pete May,1724,
81571,Harry Xin He,1993,
81774,Alex Averin,2427,
81895,Yueling Zhang,1458,
82025,Joshua Mak,2351,
82232,Rachel Jiayu Sung,2517,
82256,Kyle Moyant,1650,
82768,Aditya Godhwani,2433,
83332,Sunil Bandapally,2011,
83534,Umar Brown,1446,
83562,Xuejing Xing,1316,
83686,Rakesh Gopinathannair,2000,
84273,Yi Ma,2159,
8429,Parviz Mojaverian,2085,
84897,Zongqi Henry Zhong,2459,
84903,Sid Naresh,2627,
84904,Nandan Naresh,2654,
85544,Lisa Huang,1504,
85545,Jack Lee,1902,
85793,Dov Kolker,1662,
85814,Dan Liu,2599,
86064,Zili Wang,2058,
86433,Flint A. Lane,1850,
86586,David Correa,1764,
87881,Frank Aguilera,800,
87893,Shoujie Yang,1979,
88195,Raza Mawjee,1483,
89159,Jenson Scott Van Emburgh,2015,
89217,Tiffany Ke,2453,
89338,Xiang Jing Zhang,2653,
89837,Ved Sheth,2583,
90115,Rony Joy,1870,
90957,Clark Kim,1690,
91031,Daniel Tran,2575,
91267,Henry Wang,1837,
91612,Shoujin Wang,900,
91872,Yang Hua,1734,
92451,Jimmy Shen,1486,
92550,Kayla Goodwin,2354,
927185,Tanishq Dhavali,1926,
92943,Logan Watson,2154,
92990,Erdenechimeg Haltarhuu,1309,
92994,Alok Bopanna,2022,
93102,Jeff Ruiz,2224,
93758,Victor Xie,2517,
94028,Albert S Yang,2202,
94133,Brad Letourneau,1924,
94462,Jagannathan Ramakrishnan,1820,
94469,Ruslan Riabokoniev,2215,
94609,Jinxin Wang,2721,
94640,Eliel Sosis,2395,
9501,Gregg Robertshaw,1910,
95193,Saket Upperla,1602,
95331,Jane Medved,1832,
95653,Jacob Younce,1986,
96732,Matthew Brumbeloe,1988,
97365,JOEL FRIEDMAN,1914,
98041,Dylan Joshua Joshua Ley,1829,
98155,Isabella Joy Xu,2249,
98257,Sarthak Pradhan,2147,
98262,Darryl Tsao,2586,
98266,Raymond Zhu,2376,
98273,Logan Rietz,1837,
98280,Danny Olinsky,905,
996,James Putman,1731,
